AUGFILE,GTFILE
./NYU_UW_type1/uw (1).bmp,./NYU_GT/gt (1).bmp
./NYU_UW_type1/uw (2).bmp,./NYU_GT/gt (2).bmp
./NYU_UW_type1/uw (3).bmp,./NYU_GT/gt (3).bmp
./NYU_UW_type1/uw (4).bmp,./NYU_GT/gt (4).bmp
./NYU_UW_type1/uw (5).bmp,./NYU_GT/gt (5).bmp
./NYU_UW_type1/uw (6).bmp,./NYU_GT/gt (6).bmp
./NYU_UW_type1/uw (7).bmp,./NYU_GT/gt (7).bmp
./NYU_UW_type1/uw (8).bmp,./NYU_GT/gt (8).bmp
./NYU_UW_type1/uw (9).bmp,./NYU_GT/gt (9).bmp
./NYU_UW_type1/uw (10).bmp,./NYU_GT/gt (10).bmp
./NYU_UW_type1/uw (11).bmp,./NYU_GT/gt (11).bmp
./NYU_UW_type1/uw (12).bmp,./NYU_GT/gt (12).bmp
./NYU_UW_type1/uw (13).bmp,./NYU_GT/gt (13).bmp
./NYU_UW_type1/uw (14).bmp,./NYU_GT/gt (14).bmp
./NYU_UW_type1/uw (15).bmp,./NYU_GT/gt (15).bmp
./NYU_UW_type1/uw (16).bmp,./NYU_GT/gt (16).bmp
./NYU_UW_type1/uw (17).bmp,./NYU_GT/gt (17).bmp
./NYU_UW_type1/uw (18).bmp,./NYU_GT/gt (18).bmp
./NYU_UW_type1/uw (19).bmp,./NYU_GT/gt (19).bmp
./NYU_UW_type1/uw (20).bmp,./NYU_GT/gt (20).bmp
./NYU_UW_type1/uw (21).bmp,./NYU_GT/gt (21).bmp
./NYU_UW_type1/uw (22).bmp,./NYU_GT/gt (22).bmp
./NYU_UW_type1/uw (23).bmp,./NYU_GT/gt (23).bmp
./NYU_UW_type1/uw (24).bmp,./NYU_GT/gt (24).bmp
./NYU_UW_type1/uw (25).bmp,./NYU_GT/gt (25).bmp
./NYU_UW_type1/uw (26).bmp,./NYU_GT/gt (26).bmp
./NYU_UW_type1/uw (27).bmp,./NYU_GT/gt (27).bmp
./NYU_UW_type1/uw (28).bmp,./NYU_GT/gt (28).bmp
./NYU_UW_type1/uw (29).bmp,./NYU_GT/gt (29).bmp
./NYU_UW_type1/uw (30).bmp,./NYU_GT/gt (30).bmp
./NYU_UW_type1/uw (31).bmp,./NYU_GT/gt (31).bmp
./NYU_UW_type1/uw (32).bmp,./NYU_GT/gt (32).bmp
./NYU_UW_type1/uw (33).bmp,./NYU_GT/gt (33).bmp
./NYU_UW_type1/uw (34).bmp,./NYU_GT/gt (34).bmp
./NYU_UW_type1/uw (35).bmp,./NYU_GT/gt (35).bmp
./NYU_UW_type1/uw (36).bmp,./NYU_GT/gt (36).bmp
./NYU_UW_type1/uw (37).bmp,./NYU_GT/gt (37).bmp
./NYU_UW_type1/uw (38).bmp,./NYU_GT/gt (38).bmp
./NYU_UW_type1/uw (39).bmp,./NYU_GT/gt (39).bmp
./NYU_UW_type1/uw (40).bmp,./NYU_GT/gt (40).bmp
./NYU_UW_type1/uw (41).bmp,./NYU_GT/gt (41).bmp
./NYU_UW_type1/uw (42).bmp,./NYU_GT/gt (42).bmp
./NYU_UW_type1/uw (43).bmp,./NYU_GT/gt (43).bmp
./NYU_UW_type1/uw (44).bmp,./NYU_GT/gt (44).bmp
./NYU_UW_type1/uw (45).bmp,./NYU_GT/gt (45).bmp
./NYU_UW_type1/uw (46).bmp,./NYU_GT/gt (46).bmp
./NYU_UW_type1/uw (47).bmp,./NYU_GT/gt (47).bmp
./NYU_UW_type1/uw (48).bmp,./NYU_GT/gt (48).bmp
./NYU_UW_type1/uw (49).bmp,./NYU_GT/gt (49).bmp
./NYU_UW_type1/uw (50).bmp,./NYU_GT/gt (50).bmp
./NYU_UW_type1/uw (51).bmp,./NYU_GT/gt (51).bmp
./NYU_UW_type1/uw (52).bmp,./NYU_GT/gt (52).bmp
./NYU_UW_type1/uw (53).bmp,./NYU_GT/gt (53).bmp
./NYU_UW_type1/uw (54).bmp,./NYU_GT/gt (54).bmp
./NYU_UW_type1/uw (55).bmp,./NYU_GT/gt (55).bmp
./NYU_UW_type1/uw (56).bmp,./NYU_GT/gt (56).bmp
./NYU_UW_type1/uw (57).bmp,./NYU_GT/gt (57).bmp
./NYU_UW_type1/uw (58).bmp,./NYU_GT/gt (58).bmp
./NYU_UW_type1/uw (59).bmp,./NYU_GT/gt (59).bmp
./NYU_UW_type1/uw (60).bmp,./NYU_GT/gt (60).bmp
./NYU_UW_type1/uw (61).bmp,./NYU_GT/gt (61).bmp
./NYU_UW_type1/uw (62).bmp,./NYU_GT/gt (62).bmp
./NYU_UW_type1/uw (63).bmp,./NYU_GT/gt (63).bmp
./NYU_UW_type1/uw (64).bmp,./NYU_GT/gt (64).bmp
./NYU_UW_type1/uw (65).bmp,./NYU_GT/gt (65).bmp
./NYU_UW_type1/uw (66).bmp,./NYU_GT/gt (66).bmp
./NYU_UW_type1/uw (67).bmp,./NYU_GT/gt (67).bmp
./NYU_UW_type1/uw (68).bmp,./NYU_GT/gt (68).bmp
./NYU_UW_type1/uw (69).bmp,./NYU_GT/gt (69).bmp
./NYU_UW_type1/uw (70).bmp,./NYU_GT/gt (70).bmp
./NYU_UW_type1/uw (71).bmp,./NYU_GT/gt (71).bmp
./NYU_UW_type1/uw (72).bmp,./NYU_GT/gt (72).bmp
./NYU_UW_type1/uw (73).bmp,./NYU_GT/gt (73).bmp
./NYU_UW_type1/uw (74).bmp,./NYU_GT/gt (74).bmp
./NYU_UW_type1/uw (75).bmp,./NYU_GT/gt (75).bmp
./NYU_UW_type1/uw (76).bmp,./NYU_GT/gt (76).bmp
./NYU_UW_type1/uw (77).bmp,./NYU_GT/gt (77).bmp
./NYU_UW_type1/uw (78).bmp,./NYU_GT/gt (78).bmp
./NYU_UW_type1/uw (79).bmp,./NYU_GT/gt (79).bmp
./NYU_UW_type1/uw (80).bmp,./NYU_GT/gt (80).bmp
./NYU_UW_type1/uw (81).bmp,./NYU_GT/gt (81).bmp
./NYU_UW_type1/uw (82).bmp,./NYU_GT/gt (82).bmp
./NYU_UW_type1/uw (83).bmp,./NYU_GT/gt (83).bmp
./NYU_UW_type1/uw (84).bmp,./NYU_GT/gt (84).bmp
./NYU_UW_type1/uw (85).bmp,./NYU_GT/gt (85).bmp
./NYU_UW_type1/uw (86).bmp,./NYU_GT/gt (86).bmp
./NYU_UW_type1/uw (87).bmp,./NYU_GT/gt (87).bmp
./NYU_UW_type1/uw (88).bmp,./NYU_GT/gt (88).bmp
./NYU_UW_type1/uw (89).bmp,./NYU_GT/gt (89).bmp
./NYU_UW_type1/uw (90).bmp,./NYU_GT/gt (90).bmp
./NYU_UW_type1/uw (91).bmp,./NYU_GT/gt (91).bmp
./NYU_UW_type1/uw (92).bmp,./NYU_GT/gt (92).bmp
./NYU_UW_type1/uw (93).bmp,./NYU_GT/gt (93).bmp
./NYU_UW_type1/uw (94).bmp,./NYU_GT/gt (94).bmp
./NYU_UW_type1/uw (95).bmp,./NYU_GT/gt (95).bmp
./NYU_UW_type1/uw (96).bmp,./NYU_GT/gt (96).bmp
./NYU_UW_type1/uw (97).bmp,./NYU_GT/gt (97).bmp
./NYU_UW_type1/uw (98).bmp,./NYU_GT/gt (98).bmp
./NYU_UW_type1/uw (99).bmp,./NYU_GT/gt (99).bmp
./NYU_UW_type1/uw (100).bmp,./NYU_GT/gt (100).bmp
./NYU_UW_type1/uw (101).bmp,./NYU_GT/gt (101).bmp
./NYU_UW_type1/uw (102).bmp,./NYU_GT/gt (102).bmp
./NYU_UW_type1/uw (103).bmp,./NYU_GT/gt (103).bmp
./NYU_UW_type1/uw (104).bmp,./NYU_GT/gt (104).bmp
./NYU_UW_type1/uw (105).bmp,./NYU_GT/gt (105).bmp
./NYU_UW_type1/uw (106).bmp,./NYU_GT/gt (106).bmp
./NYU_UW_type1/uw (107).bmp,./NYU_GT/gt (107).bmp
./NYU_UW_type1/uw (108).bmp,./NYU_GT/gt (108).bmp
./NYU_UW_type1/uw (109).bmp,./NYU_GT/gt (109).bmp
./NYU_UW_type1/uw (110).bmp,./NYU_GT/gt (110).bmp
./NYU_UW_type1/uw (111).bmp,./NYU_GT/gt (111).bmp
./NYU_UW_type1/uw (112).bmp,./NYU_GT/gt (112).bmp
./NYU_UW_type1/uw (113).bmp,./NYU_GT/gt (113).bmp
./NYU_UW_type1/uw (114).bmp,./NYU_GT/gt (114).bmp
./NYU_UW_type1/uw (115).bmp,./NYU_GT/gt (115).bmp
./NYU_UW_type1/uw (116).bmp,./NYU_GT/gt (116).bmp
./NYU_UW_type1/uw (117).bmp,./NYU_GT/gt (117).bmp
./NYU_UW_type1/uw (118).bmp,./NYU_GT/gt (118).bmp
./NYU_UW_type1/uw (119).bmp,./NYU_GT/gt (119).bmp
./NYU_UW_type1/uw (120).bmp,./NYU_GT/gt (120).bmp
./NYU_UW_type1/uw (121).bmp,./NYU_GT/gt (121).bmp
./NYU_UW_type1/uw (122).bmp,./NYU_GT/gt (122).bmp
./NYU_UW_type1/uw (123).bmp,./NYU_GT/gt (123).bmp
./NYU_UW_type1/uw (124).bmp,./NYU_GT/gt (124).bmp
./NYU_UW_type1/uw (125).bmp,./NYU_GT/gt (125).bmp
./NYU_UW_type1/uw (126).bmp,./NYU_GT/gt (126).bmp
./NYU_UW_type1/uw (127).bmp,./NYU_GT/gt (127).bmp
./NYU_UW_type1/uw (128).bmp,./NYU_GT/gt (128).bmp
./NYU_UW_type1/uw (129).bmp,./NYU_GT/gt (129).bmp
./NYU_UW_type1/uw (130).bmp,./NYU_GT/gt (130).bmp
./NYU_UW_type1/uw (131).bmp,./NYU_GT/gt (131).bmp
./NYU_UW_type1/uw (132).bmp,./NYU_GT/gt (132).bmp
./NYU_UW_type1/uw (133).bmp,./NYU_GT/gt (133).bmp
./NYU_UW_type1/uw (134).bmp,./NYU_GT/gt (134).bmp
./NYU_UW_type1/uw (135).bmp,./NYU_GT/gt (135).bmp
./NYU_UW_type1/uw (136).bmp,./NYU_GT/gt (136).bmp
./NYU_UW_type1/uw (137).bmp,./NYU_GT/gt (137).bmp
./NYU_UW_type1/uw (138).bmp,./NYU_GT/gt (138).bmp
./NYU_UW_type1/uw (139).bmp,./NYU_GT/gt (139).bmp
./NYU_UW_type1/uw (140).bmp,./NYU_GT/gt (140).bmp
./NYU_UW_type1/uw (141).bmp,./NYU_GT/gt (141).bmp
./NYU_UW_type1/uw (142).bmp,./NYU_GT/gt (142).bmp
./NYU_UW_type1/uw (143).bmp,./NYU_GT/gt (143).bmp
./NYU_UW_type1/uw (144).bmp,./NYU_GT/gt (144).bmp
./NYU_UW_type1/uw (145).bmp,./NYU_GT/gt (145).bmp
./NYU_UW_type1/uw (146).bmp,./NYU_GT/gt (146).bmp
./NYU_UW_type1/uw (147).bmp,./NYU_GT/gt (147).bmp
./NYU_UW_type1/uw (148).bmp,./NYU_GT/gt (148).bmp
./NYU_UW_type1/uw (149).bmp,./NYU_GT/gt (149).bmp
./NYU_UW_type1/uw (150).bmp,./NYU_GT/gt (150).bmp
./NYU_UW_type1/uw (151).bmp,./NYU_GT/gt (151).bmp
./NYU_UW_type1/uw (152).bmp,./NYU_GT/gt (152).bmp
./NYU_UW_type1/uw (153).bmp,./NYU_GT/gt (153).bmp
./NYU_UW_type1/uw (154).bmp,./NYU_GT/gt (154).bmp
./NYU_UW_type1/uw (155).bmp,./NYU_GT/gt (155).bmp
./NYU_UW_type1/uw (156).bmp,./NYU_GT/gt (156).bmp
./NYU_UW_type1/uw (157).bmp,./NYU_GT/gt (157).bmp
./NYU_UW_type1/uw (158).bmp,./NYU_GT/gt (158).bmp
./NYU_UW_type1/uw (159).bmp,./NYU_GT/gt (159).bmp
./NYU_UW_type1/uw (160).bmp,./NYU_GT/gt (160).bmp
./NYU_UW_type1/uw (161).bmp,./NYU_GT/gt (161).bmp
./NYU_UW_type1/uw (162).bmp,./NYU_GT/gt (162).bmp
./NYU_UW_type1/uw (163).bmp,./NYU_GT/gt (163).bmp
./NYU_UW_type1/uw (164).bmp,./NYU_GT/gt (164).bmp
./NYU_UW_type1/uw (165).bmp,./NYU_GT/gt (165).bmp
./NYU_UW_type1/uw (166).bmp,./NYU_GT/gt (166).bmp
./NYU_UW_type1/uw (167).bmp,./NYU_GT/gt (167).bmp
./NYU_UW_type1/uw (168).bmp,./NYU_GT/gt (168).bmp
./NYU_UW_type1/uw (169).bmp,./NYU_GT/gt (169).bmp
./NYU_UW_type1/uw (170).bmp,./NYU_GT/gt (170).bmp
./NYU_UW_type1/uw (171).bmp,./NYU_GT/gt (171).bmp
./NYU_UW_type1/uw (172).bmp,./NYU_GT/gt (172).bmp
./NYU_UW_type1/uw (173).bmp,./NYU_GT/gt (173).bmp
./NYU_UW_type1/uw (174).bmp,./NYU_GT/gt (174).bmp
./NYU_UW_type1/uw (175).bmp,./NYU_GT/gt (175).bmp
./NYU_UW_type1/uw (176).bmp,./NYU_GT/gt (176).bmp
./NYU_UW_type1/uw (177).bmp,./NYU_GT/gt (177).bmp
./NYU_UW_type1/uw (178).bmp,./NYU_GT/gt (178).bmp
./NYU_UW_type1/uw (179).bmp,./NYU_GT/gt (179).bmp
./NYU_UW_type1/uw (180).bmp,./NYU_GT/gt (180).bmp
./NYU_UW_type1/uw (181).bmp,./NYU_GT/gt (181).bmp
./NYU_UW_type1/uw (182).bmp,./NYU_GT/gt (182).bmp
./NYU_UW_type1/uw (183).bmp,./NYU_GT/gt (183).bmp
./NYU_UW_type1/uw (184).bmp,./NYU_GT/gt (184).bmp
./NYU_UW_type1/uw (185).bmp,./NYU_GT/gt (185).bmp
./NYU_UW_type1/uw (186).bmp,./NYU_GT/gt (186).bmp
./NYU_UW_type1/uw (187).bmp,./NYU_GT/gt (187).bmp
./NYU_UW_type1/uw (188).bmp,./NYU_GT/gt (188).bmp
./NYU_UW_type1/uw (189).bmp,./NYU_GT/gt (189).bmp
./NYU_UW_type1/uw (190).bmp,./NYU_GT/gt (190).bmp
./NYU_UW_type1/uw (191).bmp,./NYU_GT/gt (191).bmp
./NYU_UW_type1/uw (192).bmp,./NYU_GT/gt (192).bmp
./NYU_UW_type1/uw (193).bmp,./NYU_GT/gt (193).bmp
./NYU_UW_type1/uw (194).bmp,./NYU_GT/gt (194).bmp
./NYU_UW_type1/uw (195).bmp,./NYU_GT/gt (195).bmp
./NYU_UW_type1/uw (196).bmp,./NYU_GT/gt (196).bmp
./NYU_UW_type1/uw (197).bmp,./NYU_GT/gt (197).bmp
./NYU_UW_type1/uw (198).bmp,./NYU_GT/gt (198).bmp
./NYU_UW_type1/uw (199).bmp,./NYU_GT/gt (199).bmp
./NYU_UW_type1/uw (200).bmp,./NYU_GT/gt (200).bmp
./NYU_UW_type1/uw (201).bmp,./NYU_GT/gt (201).bmp
./NYU_UW_type1/uw (202).bmp,./NYU_GT/gt (202).bmp
./NYU_UW_type1/uw (203).bmp,./NYU_GT/gt (203).bmp
./NYU_UW_type1/uw (204).bmp,./NYU_GT/gt (204).bmp
./NYU_UW_type1/uw (205).bmp,./NYU_GT/gt (205).bmp
./NYU_UW_type1/uw (206).bmp,./NYU_GT/gt (206).bmp
./NYU_UW_type1/uw (207).bmp,./NYU_GT/gt (207).bmp
./NYU_UW_type1/uw (208).bmp,./NYU_GT/gt (208).bmp
./NYU_UW_type1/uw (209).bmp,./NYU_GT/gt (209).bmp
./NYU_UW_type1/uw (210).bmp,./NYU_GT/gt (210).bmp
./NYU_UW_type1/uw (211).bmp,./NYU_GT/gt (211).bmp
./NYU_UW_type1/uw (212).bmp,./NYU_GT/gt (212).bmp
./NYU_UW_type1/uw (213).bmp,./NYU_GT/gt (213).bmp
./NYU_UW_type1/uw (214).bmp,./NYU_GT/gt (214).bmp
./NYU_UW_type1/uw (215).bmp,./NYU_GT/gt (215).bmp
./NYU_UW_type1/uw (216).bmp,./NYU_GT/gt (216).bmp
./NYU_UW_type1/uw (217).bmp,./NYU_GT/gt (217).bmp
./NYU_UW_type1/uw (218).bmp,./NYU_GT/gt (218).bmp
./NYU_UW_type1/uw (219).bmp,./NYU_GT/gt (219).bmp
./NYU_UW_type1/uw (220).bmp,./NYU_GT/gt (220).bmp
./NYU_UW_type1/uw (221).bmp,./NYU_GT/gt (221).bmp
./NYU_UW_type1/uw (222).bmp,./NYU_GT/gt (222).bmp
./NYU_UW_type1/uw (223).bmp,./NYU_GT/gt (223).bmp
./NYU_UW_type1/uw (224).bmp,./NYU_GT/gt (224).bmp
./NYU_UW_type1/uw (225).bmp,./NYU_GT/gt (225).bmp
./NYU_UW_type1/uw (226).bmp,./NYU_GT/gt (226).bmp
./NYU_UW_type1/uw (227).bmp,./NYU_GT/gt (227).bmp
./NYU_UW_type1/uw (228).bmp,./NYU_GT/gt (228).bmp
./NYU_UW_type1/uw (229).bmp,./NYU_GT/gt (229).bmp
./NYU_UW_type1/uw (230).bmp,./NYU_GT/gt (230).bmp
./NYU_UW_type1/uw (231).bmp,./NYU_GT/gt (231).bmp
./NYU_UW_type1/uw (232).bmp,./NYU_GT/gt (232).bmp
./NYU_UW_type1/uw (233).bmp,./NYU_GT/gt (233).bmp
./NYU_UW_type1/uw (234).bmp,./NYU_GT/gt (234).bmp
./NYU_UW_type1/uw (235).bmp,./NYU_GT/gt (235).bmp
./NYU_UW_type1/uw (236).bmp,./NYU_GT/gt (236).bmp
./NYU_UW_type1/uw (237).bmp,./NYU_GT/gt (237).bmp
./NYU_UW_type1/uw (238).bmp,./NYU_GT/gt (238).bmp
./NYU_UW_type1/uw (239).bmp,./NYU_GT/gt (239).bmp
./NYU_UW_type1/uw (240).bmp,./NYU_GT/gt (240).bmp
./NYU_UW_type1/uw (241).bmp,./NYU_GT/gt (241).bmp
./NYU_UW_type1/uw (242).bmp,./NYU_GT/gt (242).bmp
./NYU_UW_type1/uw (243).bmp,./NYU_GT/gt (243).bmp
./NYU_UW_type1/uw (244).bmp,./NYU_GT/gt (244).bmp
./NYU_UW_type1/uw (245).bmp,./NYU_GT/gt (245).bmp
./NYU_UW_type1/uw (246).bmp,./NYU_GT/gt (246).bmp
./NYU_UW_type1/uw (247).bmp,./NYU_GT/gt (247).bmp
./NYU_UW_type1/uw (248).bmp,./NYU_GT/gt (248).bmp
./NYU_UW_type1/uw (249).bmp,./NYU_GT/gt (249).bmp
./NYU_UW_type1/uw (250).bmp,./NYU_GT/gt (250).bmp
./NYU_UW_type1/uw (251).bmp,./NYU_GT/gt (251).bmp
./NYU_UW_type1/uw (252).bmp,./NYU_GT/gt (252).bmp
./NYU_UW_type1/uw (253).bmp,./NYU_GT/gt (253).bmp
./NYU_UW_type1/uw (254).bmp,./NYU_GT/gt (254).bmp
./NYU_UW_type1/uw (255).bmp,./NYU_GT/gt (255).bmp
./NYU_UW_type1/uw (256).bmp,./NYU_GT/gt (256).bmp
./NYU_UW_type1/uw (257).bmp,./NYU_GT/gt (257).bmp
./NYU_UW_type1/uw (258).bmp,./NYU_GT/gt (258).bmp
./NYU_UW_type1/uw (259).bmp,./NYU_GT/gt (259).bmp
./NYU_UW_type1/uw (260).bmp,./NYU_GT/gt (260).bmp
./NYU_UW_type1/uw (261).bmp,./NYU_GT/gt (261).bmp
./NYU_UW_type1/uw (262).bmp,./NYU_GT/gt (262).bmp
./NYU_UW_type1/uw (263).bmp,./NYU_GT/gt (263).bmp
./NYU_UW_type1/uw (264).bmp,./NYU_GT/gt (264).bmp
./NYU_UW_type1/uw (265).bmp,./NYU_GT/gt (265).bmp
./NYU_UW_type1/uw (266).bmp,./NYU_GT/gt (266).bmp
./NYU_UW_type1/uw (267).bmp,./NYU_GT/gt (267).bmp
./NYU_UW_type1/uw (268).bmp,./NYU_GT/gt (268).bmp
./NYU_UW_type1/uw (269).bmp,./NYU_GT/gt (269).bmp
./NYU_UW_type1/uw (270).bmp,./NYU_GT/gt (270).bmp
./NYU_UW_type1/uw (271).bmp,./NYU_GT/gt (271).bmp
./NYU_UW_type1/uw (272).bmp,./NYU_GT/gt (272).bmp
./NYU_UW_type1/uw (273).bmp,./NYU_GT/gt (273).bmp
./NYU_UW_type1/uw (274).bmp,./NYU_GT/gt (274).bmp
./NYU_UW_type1/uw (275).bmp,./NYU_GT/gt (275).bmp
./NYU_UW_type1/uw (276).bmp,./NYU_GT/gt (276).bmp
./NYU_UW_type1/uw (277).bmp,./NYU_GT/gt (277).bmp
./NYU_UW_type1/uw (278).bmp,./NYU_GT/gt (278).bmp
./NYU_UW_type1/uw (279).bmp,./NYU_GT/gt (279).bmp
./NYU_UW_type1/uw (280).bmp,./NYU_GT/gt (280).bmp
./NYU_UW_type1/uw (281).bmp,./NYU_GT/gt (281).bmp
./NYU_UW_type1/uw (282).bmp,./NYU_GT/gt (282).bmp
./NYU_UW_type1/uw (283).bmp,./NYU_GT/gt (283).bmp
./NYU_UW_type1/uw (284).bmp,./NYU_GT/gt (284).bmp
./NYU_UW_type1/uw (285).bmp,./NYU_GT/gt (285).bmp
./NYU_UW_type1/uw (286).bmp,./NYU_GT/gt (286).bmp
./NYU_UW_type1/uw (287).bmp,./NYU_GT/gt (287).bmp
./NYU_UW_type1/uw (288).bmp,./NYU_GT/gt (288).bmp
./NYU_UW_type1/uw (289).bmp,./NYU_GT/gt (289).bmp
./NYU_UW_type1/uw (290).bmp,./NYU_GT/gt (290).bmp
./NYU_UW_type1/uw (291).bmp,./NYU_GT/gt (291).bmp
./NYU_UW_type1/uw (292).bmp,./NYU_GT/gt (292).bmp
./NYU_UW_type1/uw (293).bmp,./NYU_GT/gt (293).bmp
./NYU_UW_type1/uw (294).bmp,./NYU_GT/gt (294).bmp
./NYU_UW_type1/uw (295).bmp,./NYU_GT/gt (295).bmp
./NYU_UW_type1/uw (296).bmp,./NYU_GT/gt (296).bmp
./NYU_UW_type1/uw (297).bmp,./NYU_GT/gt (297).bmp
./NYU_UW_type1/uw (298).bmp,./NYU_GT/gt (298).bmp
./NYU_UW_type1/uw (299).bmp,./NYU_GT/gt (299).bmp
./NYU_UW_type1/uw (300).bmp,./NYU_GT/gt (300).bmp
./NYU_UW_type1/uw (301).bmp,./NYU_GT/gt (301).bmp
./NYU_UW_type1/uw (302).bmp,./NYU_GT/gt (302).bmp
./NYU_UW_type1/uw (303).bmp,./NYU_GT/gt (303).bmp
./NYU_UW_type1/uw (304).bmp,./NYU_GT/gt (304).bmp
./NYU_UW_type1/uw (305).bmp,./NYU_GT/gt (305).bmp
./NYU_UW_type1/uw (306).bmp,./NYU_GT/gt (306).bmp
./NYU_UW_type1/uw (307).bmp,./NYU_GT/gt (307).bmp
./NYU_UW_type1/uw (308).bmp,./NYU_GT/gt (308).bmp
./NYU_UW_type1/uw (309).bmp,./NYU_GT/gt (309).bmp
./NYU_UW_type1/uw (310).bmp,./NYU_GT/gt (310).bmp
./NYU_UW_type1/uw (311).bmp,./NYU_GT/gt (311).bmp
./NYU_UW_type1/uw (312).bmp,./NYU_GT/gt (312).bmp
./NYU_UW_type1/uw (313).bmp,./NYU_GT/gt (313).bmp
./NYU_UW_type1/uw (314).bmp,./NYU_GT/gt (314).bmp
./NYU_UW_type1/uw (315).bmp,./NYU_GT/gt (315).bmp
./NYU_UW_type1/uw (316).bmp,./NYU_GT/gt (316).bmp
./NYU_UW_type1/uw (317).bmp,./NYU_GT/gt (317).bmp
./NYU_UW_type1/uw (318).bmp,./NYU_GT/gt (318).bmp
./NYU_UW_type1/uw (319).bmp,./NYU_GT/gt (319).bmp
./NYU_UW_type1/uw (320).bmp,./NYU_GT/gt (320).bmp
./NYU_UW_type1/uw (321).bmp,./NYU_GT/gt (321).bmp
./NYU_UW_type1/uw (322).bmp,./NYU_GT/gt (322).bmp
./NYU_UW_type1/uw (323).bmp,./NYU_GT/gt (323).bmp
./NYU_UW_type1/uw (324).bmp,./NYU_GT/gt (324).bmp
./NYU_UW_type1/uw (325).bmp,./NYU_GT/gt (325).bmp
./NYU_UW_type1/uw (326).bmp,./NYU_GT/gt (326).bmp
./NYU_UW_type1/uw (327).bmp,./NYU_GT/gt (327).bmp
./NYU_UW_type1/uw (328).bmp,./NYU_GT/gt (328).bmp
./NYU_UW_type1/uw (329).bmp,./NYU_GT/gt (329).bmp
./NYU_UW_type1/uw (330).bmp,./NYU_GT/gt (330).bmp
./NYU_UW_type1/uw (331).bmp,./NYU_GT/gt (331).bmp
./NYU_UW_type1/uw (332).bmp,./NYU_GT/gt (332).bmp
./NYU_UW_type1/uw (333).bmp,./NYU_GT/gt (333).bmp
./NYU_UW_type1/uw (334).bmp,./NYU_GT/gt (334).bmp
./NYU_UW_type1/uw (335).bmp,./NYU_GT/gt (335).bmp
./NYU_UW_type1/uw (336).bmp,./NYU_GT/gt (336).bmp
./NYU_UW_type1/uw (337).bmp,./NYU_GT/gt (337).bmp
./NYU_UW_type1/uw (338).bmp,./NYU_GT/gt (338).bmp
./NYU_UW_type1/uw (339).bmp,./NYU_GT/gt (339).bmp
./NYU_UW_type1/uw (340).bmp,./NYU_GT/gt (340).bmp
./NYU_UW_type1/uw (341).bmp,./NYU_GT/gt (341).bmp
./NYU_UW_type1/uw (342).bmp,./NYU_GT/gt (342).bmp
./NYU_UW_type1/uw (343).bmp,./NYU_GT/gt (343).bmp
./NYU_UW_type1/uw (344).bmp,./NYU_GT/gt (344).bmp
./NYU_UW_type1/uw (345).bmp,./NYU_GT/gt (345).bmp
./NYU_UW_type1/uw (346).bmp,./NYU_GT/gt (346).bmp
./NYU_UW_type1/uw (347).bmp,./NYU_GT/gt (347).bmp
./NYU_UW_type1/uw (348).bmp,./NYU_GT/gt (348).bmp
./NYU_UW_type1/uw (349).bmp,./NYU_GT/gt (349).bmp
./NYU_UW_type1/uw (350).bmp,./NYU_GT/gt (350).bmp
./NYU_UW_type1/uw (351).bmp,./NYU_GT/gt (351).bmp
./NYU_UW_type1/uw (352).bmp,./NYU_GT/gt (352).bmp
./NYU_UW_type1/uw (353).bmp,./NYU_GT/gt (353).bmp
./NYU_UW_type1/uw (354).bmp,./NYU_GT/gt (354).bmp
./NYU_UW_type1/uw (355).bmp,./NYU_GT/gt (355).bmp
./NYU_UW_type1/uw (356).bmp,./NYU_GT/gt (356).bmp
./NYU_UW_type1/uw (357).bmp,./NYU_GT/gt (357).bmp
./NYU_UW_type1/uw (358).bmp,./NYU_GT/gt (358).bmp
./NYU_UW_type1/uw (359).bmp,./NYU_GT/gt (359).bmp
./NYU_UW_type1/uw (360).bmp,./NYU_GT/gt (360).bmp
./NYU_UW_type1/uw (361).bmp,./NYU_GT/gt (361).bmp
./NYU_UW_type1/uw (362).bmp,./NYU_GT/gt (362).bmp
./NYU_UW_type1/uw (363).bmp,./NYU_GT/gt (363).bmp
./NYU_UW_type1/uw (364).bmp,./NYU_GT/gt (364).bmp
./NYU_UW_type1/uw (365).bmp,./NYU_GT/gt (365).bmp
./NYU_UW_type1/uw (366).bmp,./NYU_GT/gt (366).bmp
./NYU_UW_type1/uw (367).bmp,./NYU_GT/gt (367).bmp
./NYU_UW_type1/uw (368).bmp,./NYU_GT/gt (368).bmp
./NYU_UW_type1/uw (369).bmp,./NYU_GT/gt (369).bmp
./NYU_UW_type1/uw (370).bmp,./NYU_GT/gt (370).bmp
./NYU_UW_type1/uw (371).bmp,./NYU_GT/gt (371).bmp
./NYU_UW_type1/uw (372).bmp,./NYU_GT/gt (372).bmp
./NYU_UW_type1/uw (373).bmp,./NYU_GT/gt (373).bmp
./NYU_UW_type1/uw (374).bmp,./NYU_GT/gt (374).bmp
./NYU_UW_type1/uw (375).bmp,./NYU_GT/gt (375).bmp
./NYU_UW_type1/uw (376).bmp,./NYU_GT/gt (376).bmp
./NYU_UW_type1/uw (377).bmp,./NYU_GT/gt (377).bmp
./NYU_UW_type1/uw (378).bmp,./NYU_GT/gt (378).bmp
./NYU_UW_type1/uw (379).bmp,./NYU_GT/gt (379).bmp
./NYU_UW_type1/uw (380).bmp,./NYU_GT/gt (380).bmp
./NYU_UW_type1/uw (381).bmp,./NYU_GT/gt (381).bmp
./NYU_UW_type1/uw (382).bmp,./NYU_GT/gt (382).bmp
./NYU_UW_type1/uw (383).bmp,./NYU_GT/gt (383).bmp
./NYU_UW_type1/uw (384).bmp,./NYU_GT/gt (384).bmp
./NYU_UW_type1/uw (385).bmp,./NYU_GT/gt (385).bmp
./NYU_UW_type1/uw (386).bmp,./NYU_GT/gt (386).bmp
./NYU_UW_type1/uw (387).bmp,./NYU_GT/gt (387).bmp
./NYU_UW_type1/uw (388).bmp,./NYU_GT/gt (388).bmp
./NYU_UW_type1/uw (389).bmp,./NYU_GT/gt (389).bmp
./NYU_UW_type1/uw (390).bmp,./NYU_GT/gt (390).bmp
./NYU_UW_type1/uw (391).bmp,./NYU_GT/gt (391).bmp
./NYU_UW_type1/uw (392).bmp,./NYU_GT/gt (392).bmp
./NYU_UW_type1/uw (393).bmp,./NYU_GT/gt (393).bmp
./NYU_UW_type1/uw (394).bmp,./NYU_GT/gt (394).bmp
./NYU_UW_type1/uw (395).bmp,./NYU_GT/gt (395).bmp
./NYU_UW_type1/uw (396).bmp,./NYU_GT/gt (396).bmp
./NYU_UW_type1/uw (397).bmp,./NYU_GT/gt (397).bmp
./NYU_UW_type1/uw (398).bmp,./NYU_GT/gt (398).bmp
./NYU_UW_type1/uw (399).bmp,./NYU_GT/gt (399).bmp
./NYU_UW_type1/uw (400).bmp,./NYU_GT/gt (400).bmp
./NYU_UW_type1/uw (401).bmp,./NYU_GT/gt (401).bmp
./NYU_UW_type1/uw (402).bmp,./NYU_GT/gt (402).bmp
./NYU_UW_type1/uw (403).bmp,./NYU_GT/gt (403).bmp
./NYU_UW_type1/uw (404).bmp,./NYU_GT/gt (404).bmp
./NYU_UW_type1/uw (405).bmp,./NYU_GT/gt (405).bmp
./NYU_UW_type1/uw (406).bmp,./NYU_GT/gt (406).bmp
./NYU_UW_type1/uw (407).bmp,./NYU_GT/gt (407).bmp
./NYU_UW_type1/uw (408).bmp,./NYU_GT/gt (408).bmp
./NYU_UW_type1/uw (409).bmp,./NYU_GT/gt (409).bmp
./NYU_UW_type1/uw (410).bmp,./NYU_GT/gt (410).bmp
./NYU_UW_type1/uw (411).bmp,./NYU_GT/gt (411).bmp
./NYU_UW_type1/uw (412).bmp,./NYU_GT/gt (412).bmp
./NYU_UW_type1/uw (413).bmp,./NYU_GT/gt (413).bmp
./NYU_UW_type1/uw (414).bmp,./NYU_GT/gt (414).bmp
./NYU_UW_type1/uw (415).bmp,./NYU_GT/gt (415).bmp
./NYU_UW_type1/uw (416).bmp,./NYU_GT/gt (416).bmp
./NYU_UW_type1/uw (417).bmp,./NYU_GT/gt (417).bmp
./NYU_UW_type1/uw (418).bmp,./NYU_GT/gt (418).bmp
./NYU_UW_type1/uw (419).bmp,./NYU_GT/gt (419).bmp
./NYU_UW_type1/uw (420).bmp,./NYU_GT/gt (420).bmp
./NYU_UW_type1/uw (421).bmp,./NYU_GT/gt (421).bmp
./NYU_UW_type1/uw (422).bmp,./NYU_GT/gt (422).bmp
./NYU_UW_type1/uw (423).bmp,./NYU_GT/gt (423).bmp
./NYU_UW_type1/uw (424).bmp,./NYU_GT/gt (424).bmp
./NYU_UW_type1/uw (425).bmp,./NYU_GT/gt (425).bmp
./NYU_UW_type1/uw (426).bmp,./NYU_GT/gt (426).bmp
./NYU_UW_type1/uw (427).bmp,./NYU_GT/gt (427).bmp
./NYU_UW_type1/uw (428).bmp,./NYU_GT/gt (428).bmp
./NYU_UW_type1/uw (429).bmp,./NYU_GT/gt (429).bmp
./NYU_UW_type1/uw (430).bmp,./NYU_GT/gt (430).bmp
./NYU_UW_type1/uw (431).bmp,./NYU_GT/gt (431).bmp
./NYU_UW_type1/uw (432).bmp,./NYU_GT/gt (432).bmp
./NYU_UW_type1/uw (433).bmp,./NYU_GT/gt (433).bmp
./NYU_UW_type1/uw (434).bmp,./NYU_GT/gt (434).bmp
./NYU_UW_type1/uw (435).bmp,./NYU_GT/gt (435).bmp
./NYU_UW_type1/uw (436).bmp,./NYU_GT/gt (436).bmp
./NYU_UW_type1/uw (437).bmp,./NYU_GT/gt (437).bmp
./NYU_UW_type1/uw (438).bmp,./NYU_GT/gt (438).bmp
./NYU_UW_type1/uw (439).bmp,./NYU_GT/gt (439).bmp
./NYU_UW_type1/uw (440).bmp,./NYU_GT/gt (440).bmp
./NYU_UW_type1/uw (441).bmp,./NYU_GT/gt (441).bmp
./NYU_UW_type1/uw (442).bmp,./NYU_GT/gt (442).bmp
./NYU_UW_type1/uw (443).bmp,./NYU_GT/gt (443).bmp
./NYU_UW_type1/uw (444).bmp,./NYU_GT/gt (444).bmp
./NYU_UW_type1/uw (445).bmp,./NYU_GT/gt (445).bmp
./NYU_UW_type1/uw (446).bmp,./NYU_GT/gt (446).bmp
./NYU_UW_type1/uw (447).bmp,./NYU_GT/gt (447).bmp
./NYU_UW_type1/uw (448).bmp,./NYU_GT/gt (448).bmp
./NYU_UW_type1/uw (449).bmp,./NYU_GT/gt (449).bmp
./NYU_UW_type1/uw (450).bmp,./NYU_GT/gt (450).bmp
./NYU_UW_type1/uw (451).bmp,./NYU_GT/gt (451).bmp
./NYU_UW_type1/uw (452).bmp,./NYU_GT/gt (452).bmp
./NYU_UW_type1/uw (453).bmp,./NYU_GT/gt (453).bmp
./NYU_UW_type1/uw (454).bmp,./NYU_GT/gt (454).bmp
./NYU_UW_type1/uw (455).bmp,./NYU_GT/gt (455).bmp
./NYU_UW_type1/uw (456).bmp,./NYU_GT/gt (456).bmp
./NYU_UW_type1/uw (457).bmp,./NYU_GT/gt (457).bmp
./NYU_UW_type1/uw (458).bmp,./NYU_GT/gt (458).bmp
./NYU_UW_type1/uw (459).bmp,./NYU_GT/gt (459).bmp
./NYU_UW_type1/uw (460).bmp,./NYU_GT/gt (460).bmp
./NYU_UW_type1/uw (461).bmp,./NYU_GT/gt (461).bmp
./NYU_UW_type1/uw (462).bmp,./NYU_GT/gt (462).bmp
./NYU_UW_type1/uw (463).bmp,./NYU_GT/gt (463).bmp
./NYU_UW_type1/uw (464).bmp,./NYU_GT/gt (464).bmp
./NYU_UW_type1/uw (465).bmp,./NYU_GT/gt (465).bmp
./NYU_UW_type1/uw (466).bmp,./NYU_GT/gt (466).bmp
./NYU_UW_type1/uw (467).bmp,./NYU_GT/gt (467).bmp
./NYU_UW_type1/uw (468).bmp,./NYU_GT/gt (468).bmp
./NYU_UW_type1/uw (469).bmp,./NYU_GT/gt (469).bmp
./NYU_UW_type1/uw (470).bmp,./NYU_GT/gt (470).bmp
./NYU_UW_type1/uw (471).bmp,./NYU_GT/gt (471).bmp
./NYU_UW_type1/uw (472).bmp,./NYU_GT/gt (472).bmp
./NYU_UW_type1/uw (473).bmp,./NYU_GT/gt (473).bmp
./NYU_UW_type1/uw (474).bmp,./NYU_GT/gt (474).bmp
./NYU_UW_type1/uw (475).bmp,./NYU_GT/gt (475).bmp
./NYU_UW_type1/uw (476).bmp,./NYU_GT/gt (476).bmp
./NYU_UW_type1/uw (477).bmp,./NYU_GT/gt (477).bmp
./NYU_UW_type1/uw (478).bmp,./NYU_GT/gt (478).bmp
./NYU_UW_type1/uw (479).bmp,./NYU_GT/gt (479).bmp
./NYU_UW_type1/uw (480).bmp,./NYU_GT/gt (480).bmp
./NYU_UW_type1/uw (481).bmp,./NYU_GT/gt (481).bmp
./NYU_UW_type1/uw (482).bmp,./NYU_GT/gt (482).bmp
./NYU_UW_type1/uw (483).bmp,./NYU_GT/gt (483).bmp
./NYU_UW_type1/uw (484).bmp,./NYU_GT/gt (484).bmp
./NYU_UW_type1/uw (485).bmp,./NYU_GT/gt (485).bmp
./NYU_UW_type1/uw (486).bmp,./NYU_GT/gt (486).bmp
./NYU_UW_type1/uw (487).bmp,./NYU_GT/gt (487).bmp
./NYU_UW_type1/uw (488).bmp,./NYU_GT/gt (488).bmp
./NYU_UW_type1/uw (489).bmp,./NYU_GT/gt (489).bmp
./NYU_UW_type1/uw (490).bmp,./NYU_GT/gt (490).bmp
./NYU_UW_type1/uw (491).bmp,./NYU_GT/gt (491).bmp
./NYU_UW_type1/uw (492).bmp,./NYU_GT/gt (492).bmp
./NYU_UW_type1/uw (493).bmp,./NYU_GT/gt (493).bmp
./NYU_UW_type1/uw (494).bmp,./NYU_GT/gt (494).bmp
./NYU_UW_type1/uw (495).bmp,./NYU_GT/gt (495).bmp
./NYU_UW_type1/uw (496).bmp,./NYU_GT/gt (496).bmp
./NYU_UW_type1/uw (497).bmp,./NYU_GT/gt (497).bmp
./NYU_UW_type1/uw (498).bmp,./NYU_GT/gt (498).bmp
./NYU_UW_type1/uw (499).bmp,./NYU_GT/gt (499).bmp
./NYU_UW_type1/uw (500).bmp,./NYU_GT/gt (500).bmp
./NYU_UW_type1/uw (501).bmp,./NYU_GT/gt (501).bmp
./NYU_UW_type1/uw (502).bmp,./NYU_GT/gt (502).bmp
./NYU_UW_type1/uw (503).bmp,./NYU_GT/gt (503).bmp
./NYU_UW_type1/uw (504).bmp,./NYU_GT/gt (504).bmp
./NYU_UW_type1/uw (505).bmp,./NYU_GT/gt (505).bmp
./NYU_UW_type1/uw (506).bmp,./NYU_GT/gt (506).bmp
./NYU_UW_type1/uw (507).bmp,./NYU_GT/gt (507).bmp
./NYU_UW_type1/uw (508).bmp,./NYU_GT/gt (508).bmp
./NYU_UW_type1/uw (509).bmp,./NYU_GT/gt (509).bmp
./NYU_UW_type1/uw (510).bmp,./NYU_GT/gt (510).bmp
./NYU_UW_type1/uw (511).bmp,./NYU_GT/gt (511).bmp
./NYU_UW_type1/uw (512).bmp,./NYU_GT/gt (512).bmp
./NYU_UW_type1/uw (513).bmp,./NYU_GT/gt (513).bmp
./NYU_UW_type1/uw (514).bmp,./NYU_GT/gt (514).bmp
./NYU_UW_type1/uw (515).bmp,./NYU_GT/gt (515).bmp
./NYU_UW_type1/uw (516).bmp,./NYU_GT/gt (516).bmp
./NYU_UW_type1/uw (517).bmp,./NYU_GT/gt (517).bmp
./NYU_UW_type1/uw (518).bmp,./NYU_GT/gt (518).bmp
./NYU_UW_type1/uw (519).bmp,./NYU_GT/gt (519).bmp
./NYU_UW_type1/uw (520).bmp,./NYU_GT/gt (520).bmp
./NYU_UW_type1/uw (521).bmp,./NYU_GT/gt (521).bmp
./NYU_UW_type1/uw (522).bmp,./NYU_GT/gt (522).bmp
./NYU_UW_type1/uw (523).bmp,./NYU_GT/gt (523).bmp
./NYU_UW_type1/uw (524).bmp,./NYU_GT/gt (524).bmp
./NYU_UW_type1/uw (525).bmp,./NYU_GT/gt (525).bmp
./NYU_UW_type1/uw (526).bmp,./NYU_GT/gt (526).bmp
./NYU_UW_type1/uw (527).bmp,./NYU_GT/gt (527).bmp
./NYU_UW_type1/uw (528).bmp,./NYU_GT/gt (528).bmp
./NYU_UW_type1/uw (529).bmp,./NYU_GT/gt (529).bmp
./NYU_UW_type1/uw (530).bmp,./NYU_GT/gt (530).bmp
./NYU_UW_type1/uw (531).bmp,./NYU_GT/gt (531).bmp
./NYU_UW_type1/uw (532).bmp,./NYU_GT/gt (532).bmp
./NYU_UW_type1/uw (533).bmp,./NYU_GT/gt (533).bmp
./NYU_UW_type1/uw (534).bmp,./NYU_GT/gt (534).bmp
./NYU_UW_type1/uw (535).bmp,./NYU_GT/gt (535).bmp
./NYU_UW_type1/uw (536).bmp,./NYU_GT/gt (536).bmp
./NYU_UW_type1/uw (537).bmp,./NYU_GT/gt (537).bmp
./NYU_UW_type1/uw (538).bmp,./NYU_GT/gt (538).bmp
./NYU_UW_type1/uw (539).bmp,./NYU_GT/gt (539).bmp
./NYU_UW_type1/uw (540).bmp,./NYU_GT/gt (540).bmp
./NYU_UW_type1/uw (541).bmp,./NYU_GT/gt (541).bmp
./NYU_UW_type1/uw (542).bmp,./NYU_GT/gt (542).bmp
./NYU_UW_type1/uw (543).bmp,./NYU_GT/gt (543).bmp
./NYU_UW_type1/uw (544).bmp,./NYU_GT/gt (544).bmp
./NYU_UW_type1/uw (545).bmp,./NYU_GT/gt (545).bmp
./NYU_UW_type1/uw (546).bmp,./NYU_GT/gt (546).bmp
./NYU_UW_type1/uw (547).bmp,./NYU_GT/gt (547).bmp
./NYU_UW_type1/uw (548).bmp,./NYU_GT/gt (548).bmp
./NYU_UW_type1/uw (549).bmp,./NYU_GT/gt (549).bmp
./NYU_UW_type1/uw (550).bmp,./NYU_GT/gt (550).bmp
./NYU_UW_type1/uw (551).bmp,./NYU_GT/gt (551).bmp
./NYU_UW_type1/uw (552).bmp,./NYU_GT/gt (552).bmp
./NYU_UW_type1/uw (553).bmp,./NYU_GT/gt (553).bmp
./NYU_UW_type1/uw (554).bmp,./NYU_GT/gt (554).bmp
./NYU_UW_type1/uw (555).bmp,./NYU_GT/gt (555).bmp
./NYU_UW_type1/uw (556).bmp,./NYU_GT/gt (556).bmp
./NYU_UW_type1/uw (557).bmp,./NYU_GT/gt (557).bmp
./NYU_UW_type1/uw (558).bmp,./NYU_GT/gt (558).bmp
./NYU_UW_type1/uw (559).bmp,./NYU_GT/gt (559).bmp
./NYU_UW_type1/uw (560).bmp,./NYU_GT/gt (560).bmp
./NYU_UW_type1/uw (561).bmp,./NYU_GT/gt (561).bmp
./NYU_UW_type1/uw (562).bmp,./NYU_GT/gt (562).bmp
./NYU_UW_type1/uw (563).bmp,./NYU_GT/gt (563).bmp
./NYU_UW_type1/uw (564).bmp,./NYU_GT/gt (564).bmp
./NYU_UW_type1/uw (565).bmp,./NYU_GT/gt (565).bmp
./NYU_UW_type1/uw (566).bmp,./NYU_GT/gt (566).bmp
./NYU_UW_type1/uw (567).bmp,./NYU_GT/gt (567).bmp
./NYU_UW_type1/uw (568).bmp,./NYU_GT/gt (568).bmp
./NYU_UW_type1/uw (569).bmp,./NYU_GT/gt (569).bmp
./NYU_UW_type1/uw (570).bmp,./NYU_GT/gt (570).bmp
./NYU_UW_type1/uw (571).bmp,./NYU_GT/gt (571).bmp
./NYU_UW_type1/uw (572).bmp,./NYU_GT/gt (572).bmp
./NYU_UW_type1/uw (573).bmp,./NYU_GT/gt (573).bmp
./NYU_UW_type1/uw (574).bmp,./NYU_GT/gt (574).bmp
./NYU_UW_type1/uw (575).bmp,./NYU_GT/gt (575).bmp
./NYU_UW_type1/uw (576).bmp,./NYU_GT/gt (576).bmp
./NYU_UW_type1/uw (577).bmp,./NYU_GT/gt (577).bmp
./NYU_UW_type1/uw (578).bmp,./NYU_GT/gt (578).bmp
./NYU_UW_type1/uw (579).bmp,./NYU_GT/gt (579).bmp
./NYU_UW_type1/uw (580).bmp,./NYU_GT/gt (580).bmp
./NYU_UW_type1/uw (581).bmp,./NYU_GT/gt (581).bmp
./NYU_UW_type1/uw (582).bmp,./NYU_GT/gt (582).bmp
./NYU_UW_type1/uw (583).bmp,./NYU_GT/gt (583).bmp
./NYU_UW_type1/uw (584).bmp,./NYU_GT/gt (584).bmp
./NYU_UW_type1/uw (585).bmp,./NYU_GT/gt (585).bmp
./NYU_UW_type1/uw (586).bmp,./NYU_GT/gt (586).bmp
./NYU_UW_type1/uw (587).bmp,./NYU_GT/gt (587).bmp
./NYU_UW_type1/uw (588).bmp,./NYU_GT/gt (588).bmp
./NYU_UW_type1/uw (589).bmp,./NYU_GT/gt (589).bmp
./NYU_UW_type1/uw (590).bmp,./NYU_GT/gt (590).bmp
./NYU_UW_type1/uw (591).bmp,./NYU_GT/gt (591).bmp
./NYU_UW_type1/uw (592).bmp,./NYU_GT/gt (592).bmp
./NYU_UW_type1/uw (593).bmp,./NYU_GT/gt (593).bmp
./NYU_UW_type1/uw (594).bmp,./NYU_GT/gt (594).bmp
./NYU_UW_type1/uw (595).bmp,./NYU_GT/gt (595).bmp
./NYU_UW_type1/uw (596).bmp,./NYU_GT/gt (596).bmp
./NYU_UW_type1/uw (597).bmp,./NYU_GT/gt (597).bmp
./NYU_UW_type1/uw (598).bmp,./NYU_GT/gt (598).bmp
./NYU_UW_type1/uw (599).bmp,./NYU_GT/gt (599).bmp
./NYU_UW_type1/uw (600).bmp,./NYU_GT/gt (600).bmp
./NYU_UW_type1/uw (601).bmp,./NYU_GT/gt (601).bmp
./NYU_UW_type1/uw (602).bmp,./NYU_GT/gt (602).bmp
./NYU_UW_type1/uw (603).bmp,./NYU_GT/gt (603).bmp
./NYU_UW_type1/uw (604).bmp,./NYU_GT/gt (604).bmp
./NYU_UW_type1/uw (605).bmp,./NYU_GT/gt (605).bmp
./NYU_UW_type1/uw (606).bmp,./NYU_GT/gt (606).bmp
./NYU_UW_type1/uw (607).bmp,./NYU_GT/gt (607).bmp
./NYU_UW_type1/uw (608).bmp,./NYU_GT/gt (608).bmp
./NYU_UW_type1/uw (609).bmp,./NYU_GT/gt (609).bmp
./NYU_UW_type1/uw (610).bmp,./NYU_GT/gt (610).bmp
./NYU_UW_type1/uw (611).bmp,./NYU_GT/gt (611).bmp
./NYU_UW_type1/uw (612).bmp,./NYU_GT/gt (612).bmp
./NYU_UW_type1/uw (613).bmp,./NYU_GT/gt (613).bmp
./NYU_UW_type1/uw (614).bmp,./NYU_GT/gt (614).bmp
./NYU_UW_type1/uw (615).bmp,./NYU_GT/gt (615).bmp
./NYU_UW_type1/uw (616).bmp,./NYU_GT/gt (616).bmp
./NYU_UW_type1/uw (617).bmp,./NYU_GT/gt (617).bmp
./NYU_UW_type1/uw (618).bmp,./NYU_GT/gt (618).bmp
./NYU_UW_type1/uw (619).bmp,./NYU_GT/gt (619).bmp
./NYU_UW_type1/uw (620).bmp,./NYU_GT/gt (620).bmp
./NYU_UW_type1/uw (621).bmp,./NYU_GT/gt (621).bmp
./NYU_UW_type1/uw (622).bmp,./NYU_GT/gt (622).bmp
./NYU_UW_type1/uw (623).bmp,./NYU_GT/gt (623).bmp
./NYU_UW_type1/uw (624).bmp,./NYU_GT/gt (624).bmp
./NYU_UW_type1/uw (625).bmp,./NYU_GT/gt (625).bmp
./NYU_UW_type1/uw (626).bmp,./NYU_GT/gt (626).bmp
./NYU_UW_type1/uw (627).bmp,./NYU_GT/gt (627).bmp
./NYU_UW_type1/uw (628).bmp,./NYU_GT/gt (628).bmp
./NYU_UW_type1/uw (629).bmp,./NYU_GT/gt (629).bmp
./NYU_UW_type1/uw (630).bmp,./NYU_GT/gt (630).bmp
./NYU_UW_type1/uw (631).bmp,./NYU_GT/gt (631).bmp
./NYU_UW_type1/uw (632).bmp,./NYU_GT/gt (632).bmp
./NYU_UW_type1/uw (633).bmp,./NYU_GT/gt (633).bmp
./NYU_UW_type1/uw (634).bmp,./NYU_GT/gt (634).bmp
./NYU_UW_type1/uw (635).bmp,./NYU_GT/gt (635).bmp
./NYU_UW_type1/uw (636).bmp,./NYU_GT/gt (636).bmp
./NYU_UW_type1/uw (637).bmp,./NYU_GT/gt (637).bmp
./NYU_UW_type1/uw (638).bmp,./NYU_GT/gt (638).bmp
./NYU_UW_type1/uw (639).bmp,./NYU_GT/gt (639).bmp
./NYU_UW_type1/uw (640).bmp,./NYU_GT/gt (640).bmp
./NYU_UW_type1/uw (641).bmp,./NYU_GT/gt (641).bmp
./NYU_UW_type1/uw (642).bmp,./NYU_GT/gt (642).bmp
./NYU_UW_type1/uw (643).bmp,./NYU_GT/gt (643).bmp
./NYU_UW_type1/uw (644).bmp,./NYU_GT/gt (644).bmp
./NYU_UW_type1/uw (645).bmp,./NYU_GT/gt (645).bmp
./NYU_UW_type1/uw (646).bmp,./NYU_GT/gt (646).bmp
./NYU_UW_type1/uw (647).bmp,./NYU_GT/gt (647).bmp
./NYU_UW_type1/uw (648).bmp,./NYU_GT/gt (648).bmp
./NYU_UW_type1/uw (649).bmp,./NYU_GT/gt (649).bmp
./NYU_UW_type1/uw (650).bmp,./NYU_GT/gt (650).bmp
./NYU_UW_type1/uw (651).bmp,./NYU_GT/gt (651).bmp
./NYU_UW_type1/uw (652).bmp,./NYU_GT/gt (652).bmp
./NYU_UW_type1/uw (653).bmp,./NYU_GT/gt (653).bmp
./NYU_UW_type1/uw (654).bmp,./NYU_GT/gt (654).bmp
./NYU_UW_type1/uw (655).bmp,./NYU_GT/gt (655).bmp
./NYU_UW_type1/uw (656).bmp,./NYU_GT/gt (656).bmp
./NYU_UW_type1/uw (657).bmp,./NYU_GT/gt (657).bmp
./NYU_UW_type1/uw (658).bmp,./NYU_GT/gt (658).bmp
./NYU_UW_type1/uw (659).bmp,./NYU_GT/gt (659).bmp
./NYU_UW_type1/uw (660).bmp,./NYU_GT/gt (660).bmp
./NYU_UW_type1/uw (661).bmp,./NYU_GT/gt (661).bmp
./NYU_UW_type1/uw (662).bmp,./NYU_GT/gt (662).bmp
./NYU_UW_type1/uw (663).bmp,./NYU_GT/gt (663).bmp
./NYU_UW_type1/uw (664).bmp,./NYU_GT/gt (664).bmp
./NYU_UW_type1/uw (665).bmp,./NYU_GT/gt (665).bmp
./NYU_UW_type1/uw (666).bmp,./NYU_GT/gt (666).bmp
./NYU_UW_type1/uw (667).bmp,./NYU_GT/gt (667).bmp
./NYU_UW_type1/uw (668).bmp,./NYU_GT/gt (668).bmp
./NYU_UW_type1/uw (669).bmp,./NYU_GT/gt (669).bmp
./NYU_UW_type1/uw (670).bmp,./NYU_GT/gt (670).bmp
./NYU_UW_type1/uw (671).bmp,./NYU_GT/gt (671).bmp
./NYU_UW_type1/uw (672).bmp,./NYU_GT/gt (672).bmp
./NYU_UW_type1/uw (673).bmp,./NYU_GT/gt (673).bmp
./NYU_UW_type1/uw (674).bmp,./NYU_GT/gt (674).bmp
./NYU_UW_type1/uw (675).bmp,./NYU_GT/gt (675).bmp
./NYU_UW_type1/uw (676).bmp,./NYU_GT/gt (676).bmp
./NYU_UW_type1/uw (677).bmp,./NYU_GT/gt (677).bmp
./NYU_UW_type1/uw (678).bmp,./NYU_GT/gt (678).bmp
./NYU_UW_type1/uw (679).bmp,./NYU_GT/gt (679).bmp
./NYU_UW_type1/uw (680).bmp,./NYU_GT/gt (680).bmp
./NYU_UW_type1/uw (681).bmp,./NYU_GT/gt (681).bmp
./NYU_UW_type1/uw (682).bmp,./NYU_GT/gt (682).bmp
./NYU_UW_type1/uw (683).bmp,./NYU_GT/gt (683).bmp
./NYU_UW_type1/uw (684).bmp,./NYU_GT/gt (684).bmp
./NYU_UW_type1/uw (685).bmp,./NYU_GT/gt (685).bmp
./NYU_UW_type1/uw (686).bmp,./NYU_GT/gt (686).bmp
./NYU_UW_type1/uw (687).bmp,./NYU_GT/gt (687).bmp
./NYU_UW_type1/uw (688).bmp,./NYU_GT/gt (688).bmp
./NYU_UW_type1/uw (689).bmp,./NYU_GT/gt (689).bmp
./NYU_UW_type1/uw (690).bmp,./NYU_GT/gt (690).bmp
./NYU_UW_type1/uw (691).bmp,./NYU_GT/gt (691).bmp
./NYU_UW_type1/uw (692).bmp,./NYU_GT/gt (692).bmp
./NYU_UW_type1/uw (693).bmp,./NYU_GT/gt (693).bmp
./NYU_UW_type1/uw (694).bmp,./NYU_GT/gt (694).bmp
./NYU_UW_type1/uw (695).bmp,./NYU_GT/gt (695).bmp
./NYU_UW_type1/uw (696).bmp,./NYU_GT/gt (696).bmp
./NYU_UW_type1/uw (697).bmp,./NYU_GT/gt (697).bmp
./NYU_UW_type1/uw (698).bmp,./NYU_GT/gt (698).bmp
./NYU_UW_type1/uw (699).bmp,./NYU_GT/gt (699).bmp
./NYU_UW_type1/uw (700).bmp,./NYU_GT/gt (700).bmp
./NYU_UW_type1/uw (701).bmp,./NYU_GT/gt (701).bmp
./NYU_UW_type1/uw (702).bmp,./NYU_GT/gt (702).bmp
./NYU_UW_type1/uw (703).bmp,./NYU_GT/gt (703).bmp
./NYU_UW_type1/uw (704).bmp,./NYU_GT/gt (704).bmp
./NYU_UW_type1/uw (705).bmp,./NYU_GT/gt (705).bmp
./NYU_UW_type1/uw (706).bmp,./NYU_GT/gt (706).bmp
./NYU_UW_type1/uw (707).bmp,./NYU_GT/gt (707).bmp
./NYU_UW_type1/uw (708).bmp,./NYU_GT/gt (708).bmp
./NYU_UW_type1/uw (709).bmp,./NYU_GT/gt (709).bmp
./NYU_UW_type1/uw (710).bmp,./NYU_GT/gt (710).bmp
./NYU_UW_type1/uw (711).bmp,./NYU_GT/gt (711).bmp
./NYU_UW_type1/uw (712).bmp,./NYU_GT/gt (712).bmp
./NYU_UW_type1/uw (713).bmp,./NYU_GT/gt (713).bmp
./NYU_UW_type1/uw (714).bmp,./NYU_GT/gt (714).bmp
./NYU_UW_type1/uw (715).bmp,./NYU_GT/gt (715).bmp
./NYU_UW_type1/uw (716).bmp,./NYU_GT/gt (716).bmp
./NYU_UW_type1/uw (717).bmp,./NYU_GT/gt (717).bmp
./NYU_UW_type1/uw (718).bmp,./NYU_GT/gt (718).bmp
./NYU_UW_type1/uw (719).bmp,./NYU_GT/gt (719).bmp
./NYU_UW_type1/uw (720).bmp,./NYU_GT/gt (720).bmp
./NYU_UW_type1/uw (721).bmp,./NYU_GT/gt (721).bmp
./NYU_UW_type1/uw (722).bmp,./NYU_GT/gt (722).bmp
./NYU_UW_type1/uw (723).bmp,./NYU_GT/gt (723).bmp
./NYU_UW_type1/uw (724).bmp,./NYU_GT/gt (724).bmp
./NYU_UW_type1/uw (725).bmp,./NYU_GT/gt (725).bmp
./NYU_UW_type1/uw (726).bmp,./NYU_GT/gt (726).bmp
./NYU_UW_type1/uw (727).bmp,./NYU_GT/gt (727).bmp
./NYU_UW_type1/uw (728).bmp,./NYU_GT/gt (728).bmp
./NYU_UW_type1/uw (729).bmp,./NYU_GT/gt (729).bmp
./NYU_UW_type1/uw (730).bmp,./NYU_GT/gt (730).bmp
./NYU_UW_type1/uw (731).bmp,./NYU_GT/gt (731).bmp
./NYU_UW_type1/uw (732).bmp,./NYU_GT/gt (732).bmp
./NYU_UW_type1/uw (733).bmp,./NYU_GT/gt (733).bmp
./NYU_UW_type1/uw (734).bmp,./NYU_GT/gt (734).bmp
./NYU_UW_type1/uw (735).bmp,./NYU_GT/gt (735).bmp
./NYU_UW_type1/uw (736).bmp,./NYU_GT/gt (736).bmp
./NYU_UW_type1/uw (737).bmp,./NYU_GT/gt (737).bmp
./NYU_UW_type1/uw (738).bmp,./NYU_GT/gt (738).bmp
./NYU_UW_type1/uw (739).bmp,./NYU_GT/gt (739).bmp
./NYU_UW_type1/uw (740).bmp,./NYU_GT/gt (740).bmp
./NYU_UW_type1/uw (741).bmp,./NYU_GT/gt (741).bmp
./NYU_UW_type1/uw (742).bmp,./NYU_GT/gt (742).bmp
./NYU_UW_type1/uw (743).bmp,./NYU_GT/gt (743).bmp
./NYU_UW_type1/uw (744).bmp,./NYU_GT/gt (744).bmp
./NYU_UW_type1/uw (745).bmp,./NYU_GT/gt (745).bmp
./NYU_UW_type1/uw (746).bmp,./NYU_GT/gt (746).bmp
./NYU_UW_type1/uw (747).bmp,./NYU_GT/gt (747).bmp
./NYU_UW_type1/uw (748).bmp,./NYU_GT/gt (748).bmp
./NYU_UW_type1/uw (749).bmp,./NYU_GT/gt (749).bmp
./NYU_UW_type1/uw (750).bmp,./NYU_GT/gt (750).bmp
./NYU_UW_type1/uw (751).bmp,./NYU_GT/gt (751).bmp
./NYU_UW_type1/uw (752).bmp,./NYU_GT/gt (752).bmp
./NYU_UW_type1/uw (753).bmp,./NYU_GT/gt (753).bmp
./NYU_UW_type1/uw (754).bmp,./NYU_GT/gt (754).bmp
./NYU_UW_type1/uw (755).bmp,./NYU_GT/gt (755).bmp
./NYU_UW_type1/uw (756).bmp,./NYU_GT/gt (756).bmp
./NYU_UW_type1/uw (757).bmp,./NYU_GT/gt (757).bmp
./NYU_UW_type1/uw (758).bmp,./NYU_GT/gt (758).bmp
./NYU_UW_type1/uw (759).bmp,./NYU_GT/gt (759).bmp
./NYU_UW_type1/uw (760).bmp,./NYU_GT/gt (760).bmp
./NYU_UW_type1/uw (761).bmp,./NYU_GT/gt (761).bmp
./NYU_UW_type1/uw (762).bmp,./NYU_GT/gt (762).bmp
./NYU_UW_type1/uw (763).bmp,./NYU_GT/gt (763).bmp
./NYU_UW_type1/uw (764).bmp,./NYU_GT/gt (764).bmp
./NYU_UW_type1/uw (765).bmp,./NYU_GT/gt (765).bmp
./NYU_UW_type1/uw (766).bmp,./NYU_GT/gt (766).bmp
./NYU_UW_type1/uw (767).bmp,./NYU_GT/gt (767).bmp
./NYU_UW_type1/uw (768).bmp,./NYU_GT/gt (768).bmp
./NYU_UW_type1/uw (769).bmp,./NYU_GT/gt (769).bmp
./NYU_UW_type1/uw (770).bmp,./NYU_GT/gt (770).bmp
./NYU_UW_type1/uw (771).bmp,./NYU_GT/gt (771).bmp
./NYU_UW_type1/uw (772).bmp,./NYU_GT/gt (772).bmp
./NYU_UW_type1/uw (773).bmp,./NYU_GT/gt (773).bmp
./NYU_UW_type1/uw (774).bmp,./NYU_GT/gt (774).bmp
./NYU_UW_type1/uw (775).bmp,./NYU_GT/gt (775).bmp
./NYU_UW_type1/uw (776).bmp,./NYU_GT/gt (776).bmp
./NYU_UW_type1/uw (777).bmp,./NYU_GT/gt (777).bmp
./NYU_UW_type1/uw (778).bmp,./NYU_GT/gt (778).bmp
./NYU_UW_type1/uw (779).bmp,./NYU_GT/gt (779).bmp
./NYU_UW_type1/uw (780).bmp,./NYU_GT/gt (780).bmp
./NYU_UW_type1/uw (781).bmp,./NYU_GT/gt (781).bmp
./NYU_UW_type1/uw (782).bmp,./NYU_GT/gt (782).bmp
./NYU_UW_type1/uw (783).bmp,./NYU_GT/gt (783).bmp
./NYU_UW_type1/uw (784).bmp,./NYU_GT/gt (784).bmp
./NYU_UW_type1/uw (785).bmp,./NYU_GT/gt (785).bmp
./NYU_UW_type1/uw (786).bmp,./NYU_GT/gt (786).bmp
./NYU_UW_type1/uw (787).bmp,./NYU_GT/gt (787).bmp
./NYU_UW_type1/uw (788).bmp,./NYU_GT/gt (788).bmp
./NYU_UW_type1/uw (789).bmp,./NYU_GT/gt (789).bmp
./NYU_UW_type1/uw (790).bmp,./NYU_GT/gt (790).bmp
./NYU_UW_type1/uw (791).bmp,./NYU_GT/gt (791).bmp
./NYU_UW_type1/uw (792).bmp,./NYU_GT/gt (792).bmp
./NYU_UW_type1/uw (793).bmp,./NYU_GT/gt (793).bmp
./NYU_UW_type1/uw (794).bmp,./NYU_GT/gt (794).bmp
./NYU_UW_type1/uw (795).bmp,./NYU_GT/gt (795).bmp
./NYU_UW_type1/uw (796).bmp,./NYU_GT/gt (796).bmp
./NYU_UW_type1/uw (797).bmp,./NYU_GT/gt (797).bmp
./NYU_UW_type1/uw (798).bmp,./NYU_GT/gt (798).bmp
./NYU_UW_type1/uw (799).bmp,./NYU_GT/gt (799).bmp
./NYU_UW_type1/uw (800).bmp,./NYU_GT/gt (800).bmp
./NYU_UW_type1/uw (801).bmp,./NYU_GT/gt (801).bmp
./NYU_UW_type1/uw (802).bmp,./NYU_GT/gt (802).bmp
./NYU_UW_type1/uw (803).bmp,./NYU_GT/gt (803).bmp
./NYU_UW_type1/uw (804).bmp,./NYU_GT/gt (804).bmp
./NYU_UW_type1/uw (805).bmp,./NYU_GT/gt (805).bmp
./NYU_UW_type1/uw (806).bmp,./NYU_GT/gt (806).bmp
./NYU_UW_type1/uw (807).bmp,./NYU_GT/gt (807).bmp
./NYU_UW_type1/uw (808).bmp,./NYU_GT/gt (808).bmp
./NYU_UW_type1/uw (809).bmp,./NYU_GT/gt (809).bmp
./NYU_UW_type1/uw (810).bmp,./NYU_GT/gt (810).bmp
./NYU_UW_type1/uw (811).bmp,./NYU_GT/gt (811).bmp
./NYU_UW_type1/uw (812).bmp,./NYU_GT/gt (812).bmp
./NYU_UW_type1/uw (813).bmp,./NYU_GT/gt (813).bmp
./NYU_UW_type1/uw (814).bmp,./NYU_GT/gt (814).bmp
./NYU_UW_type1/uw (815).bmp,./NYU_GT/gt (815).bmp
./NYU_UW_type1/uw (816).bmp,./NYU_GT/gt (816).bmp
./NYU_UW_type1/uw (817).bmp,./NYU_GT/gt (817).bmp
./NYU_UW_type1/uw (818).bmp,./NYU_GT/gt (818).bmp
./NYU_UW_type1/uw (819).bmp,./NYU_GT/gt (819).bmp
./NYU_UW_type1/uw (820).bmp,./NYU_GT/gt (820).bmp
./NYU_UW_type1/uw (821).bmp,./NYU_GT/gt (821).bmp
./NYU_UW_type1/uw (822).bmp,./NYU_GT/gt (822).bmp
./NYU_UW_type1/uw (823).bmp,./NYU_GT/gt (823).bmp
./NYU_UW_type1/uw (824).bmp,./NYU_GT/gt (824).bmp
./NYU_UW_type1/uw (825).bmp,./NYU_GT/gt (825).bmp
./NYU_UW_type1/uw (826).bmp,./NYU_GT/gt (826).bmp
./NYU_UW_type1/uw (827).bmp,./NYU_GT/gt (827).bmp
./NYU_UW_type1/uw (828).bmp,./NYU_GT/gt (828).bmp
./NYU_UW_type1/uw (829).bmp,./NYU_GT/gt (829).bmp
./NYU_UW_type1/uw (830).bmp,./NYU_GT/gt (830).bmp
./NYU_UW_type1/uw (831).bmp,./NYU_GT/gt (831).bmp
./NYU_UW_type1/uw (832).bmp,./NYU_GT/gt (832).bmp
./NYU_UW_type1/uw (833).bmp,./NYU_GT/gt (833).bmp
./NYU_UW_type1/uw (834).bmp,./NYU_GT/gt (834).bmp
./NYU_UW_type1/uw (835).bmp,./NYU_GT/gt (835).bmp
./NYU_UW_type1/uw (836).bmp,./NYU_GT/gt (836).bmp
./NYU_UW_type1/uw (837).bmp,./NYU_GT/gt (837).bmp
./NYU_UW_type1/uw (838).bmp,./NYU_GT/gt (838).bmp
./NYU_UW_type1/uw (839).bmp,./NYU_GT/gt (839).bmp
./NYU_UW_type1/uw (840).bmp,./NYU_GT/gt (840).bmp
./NYU_UW_type1/uw (841).bmp,./NYU_GT/gt (841).bmp
./NYU_UW_type1/uw (842).bmp,./NYU_GT/gt (842).bmp
./NYU_UW_type1/uw (843).bmp,./NYU_GT/gt (843).bmp
./NYU_UW_type1/uw (844).bmp,./NYU_GT/gt (844).bmp
./NYU_UW_type1/uw (845).bmp,./NYU_GT/gt (845).bmp
./NYU_UW_type1/uw (846).bmp,./NYU_GT/gt (846).bmp
./NYU_UW_type1/uw (847).bmp,./NYU_GT/gt (847).bmp
./NYU_UW_type1/uw (848).bmp,./NYU_GT/gt (848).bmp
./NYU_UW_type1/uw (849).bmp,./NYU_GT/gt (849).bmp
./NYU_UW_type1/uw (850).bmp,./NYU_GT/gt (850).bmp
./NYU_UW_type1/uw (851).bmp,./NYU_GT/gt (851).bmp
./NYU_UW_type1/uw (852).bmp,./NYU_GT/gt (852).bmp
./NYU_UW_type1/uw (853).bmp,./NYU_GT/gt (853).bmp
./NYU_UW_type1/uw (854).bmp,./NYU_GT/gt (854).bmp
./NYU_UW_type1/uw (855).bmp,./NYU_GT/gt (855).bmp
./NYU_UW_type1/uw (856).bmp,./NYU_GT/gt (856).bmp
./NYU_UW_type1/uw (857).bmp,./NYU_GT/gt (857).bmp
./NYU_UW_type1/uw (858).bmp,./NYU_GT/gt (858).bmp
./NYU_UW_type1/uw (859).bmp,./NYU_GT/gt (859).bmp
./NYU_UW_type1/uw (860).bmp,./NYU_GT/gt (860).bmp
./NYU_UW_type1/uw (861).bmp,./NYU_GT/gt (861).bmp
./NYU_UW_type1/uw (862).bmp,./NYU_GT/gt (862).bmp
./NYU_UW_type1/uw (863).bmp,./NYU_GT/gt (863).bmp
./NYU_UW_type1/uw (864).bmp,./NYU_GT/gt (864).bmp
./NYU_UW_type1/uw (865).bmp,./NYU_GT/gt (865).bmp
./NYU_UW_type1/uw (866).bmp,./NYU_GT/gt (866).bmp
./NYU_UW_type1/uw (867).bmp,./NYU_GT/gt (867).bmp
./NYU_UW_type1/uw (868).bmp,./NYU_GT/gt (868).bmp
./NYU_UW_type1/uw (869).bmp,./NYU_GT/gt (869).bmp
./NYU_UW_type1/uw (870).bmp,./NYU_GT/gt (870).bmp
./NYU_UW_type1/uw (871).bmp,./NYU_GT/gt (871).bmp
./NYU_UW_type1/uw (872).bmp,./NYU_GT/gt (872).bmp
./NYU_UW_type1/uw (873).bmp,./NYU_GT/gt (873).bmp
./NYU_UW_type1/uw (874).bmp,./NYU_GT/gt (874).bmp
./NYU_UW_type1/uw (875).bmp,./NYU_GT/gt (875).bmp
./NYU_UW_type1/uw (876).bmp,./NYU_GT/gt (876).bmp
./NYU_UW_type1/uw (877).bmp,./NYU_GT/gt (877).bmp
./NYU_UW_type1/uw (878).bmp,./NYU_GT/gt (878).bmp
./NYU_UW_type1/uw (879).bmp,./NYU_GT/gt (879).bmp
./NYU_UW_type1/uw (880).bmp,./NYU_GT/gt (880).bmp
./NYU_UW_type1/uw (881).bmp,./NYU_GT/gt (881).bmp
./NYU_UW_type1/uw (882).bmp,./NYU_GT/gt (882).bmp
./NYU_UW_type1/uw (883).bmp,./NYU_GT/gt (883).bmp
./NYU_UW_type1/uw (884).bmp,./NYU_GT/gt (884).bmp
./NYU_UW_type1/uw (885).bmp,./NYU_GT/gt (885).bmp
./NYU_UW_type1/uw (886).bmp,./NYU_GT/gt (886).bmp
./NYU_UW_type1/uw (887).bmp,./NYU_GT/gt (887).bmp
./NYU_UW_type1/uw (888).bmp,./NYU_GT/gt (888).bmp
./NYU_UW_type1/uw (889).bmp,./NYU_GT/gt (889).bmp
./NYU_UW_type1/uw (890).bmp,./NYU_GT/gt (890).bmp
./NYU_UW_type1/uw (891).bmp,./NYU_GT/gt (891).bmp
./NYU_UW_type1/uw (892).bmp,./NYU_GT/gt (892).bmp
./NYU_UW_type1/uw (893).bmp,./NYU_GT/gt (893).bmp
./NYU_UW_type1/uw (894).bmp,./NYU_GT/gt (894).bmp
./NYU_UW_type1/uw (895).bmp,./NYU_GT/gt (895).bmp
./NYU_UW_type1/uw (896).bmp,./NYU_GT/gt (896).bmp
./NYU_UW_type1/uw (897).bmp,./NYU_GT/gt (897).bmp
./NYU_UW_type1/uw (898).bmp,./NYU_GT/gt (898).bmp
./NYU_UW_type1/uw (899).bmp,./NYU_GT/gt (899).bmp
./NYU_UW_type1/uw (900).bmp,./NYU_GT/gt (900).bmp
./NYU_UW_type1/uw (901).bmp,./NYU_GT/gt (901).bmp
./NYU_UW_type1/uw (902).bmp,./NYU_GT/gt (902).bmp
./NYU_UW_type1/uw (903).bmp,./NYU_GT/gt (903).bmp
./NYU_UW_type1/uw (904).bmp,./NYU_GT/gt (904).bmp
./NYU_UW_type1/uw (905).bmp,./NYU_GT/gt (905).bmp
./NYU_UW_type1/uw (906).bmp,./NYU_GT/gt (906).bmp
./NYU_UW_type1/uw (907).bmp,./NYU_GT/gt (907).bmp
./NYU_UW_type1/uw (908).bmp,./NYU_GT/gt (908).bmp
./NYU_UW_type1/uw (909).bmp,./NYU_GT/gt (909).bmp
./NYU_UW_type1/uw (910).bmp,./NYU_GT/gt (910).bmp
./NYU_UW_type1/uw (911).bmp,./NYU_GT/gt (911).bmp
./NYU_UW_type1/uw (912).bmp,./NYU_GT/gt (912).bmp
./NYU_UW_type1/uw (913).bmp,./NYU_GT/gt (913).bmp
./NYU_UW_type1/uw (914).bmp,./NYU_GT/gt (914).bmp
./NYU_UW_type1/uw (915).bmp,./NYU_GT/gt (915).bmp
./NYU_UW_type1/uw (916).bmp,./NYU_GT/gt (916).bmp
./NYU_UW_type1/uw (917).bmp,./NYU_GT/gt (917).bmp
./NYU_UW_type1/uw (918).bmp,./NYU_GT/gt (918).bmp
./NYU_UW_type1/uw (919).bmp,./NYU_GT/gt (919).bmp
./NYU_UW_type1/uw (920).bmp,./NYU_GT/gt (920).bmp
./NYU_UW_type1/uw (921).bmp,./NYU_GT/gt (921).bmp
./NYU_UW_type1/uw (922).bmp,./NYU_GT/gt (922).bmp
./NYU_UW_type1/uw (923).bmp,./NYU_GT/gt (923).bmp
./NYU_UW_type1/uw (924).bmp,./NYU_GT/gt (924).bmp
./NYU_UW_type1/uw (925).bmp,./NYU_GT/gt (925).bmp
./NYU_UW_type1/uw (926).bmp,./NYU_GT/gt (926).bmp
./NYU_UW_type1/uw (927).bmp,./NYU_GT/gt (927).bmp
./NYU_UW_type1/uw (928).bmp,./NYU_GT/gt (928).bmp
./NYU_UW_type1/uw (929).bmp,./NYU_GT/gt (929).bmp
./NYU_UW_type1/uw (930).bmp,./NYU_GT/gt (930).bmp
./NYU_UW_type1/uw (931).bmp,./NYU_GT/gt (931).bmp
./NYU_UW_type1/uw (932).bmp,./NYU_GT/gt (932).bmp
./NYU_UW_type1/uw (933).bmp,./NYU_GT/gt (933).bmp
./NYU_UW_type1/uw (934).bmp,./NYU_GT/gt (934).bmp
./NYU_UW_type1/uw (935).bmp,./NYU_GT/gt (935).bmp
./NYU_UW_type1/uw (936).bmp,./NYU_GT/gt (936).bmp
./NYU_UW_type1/uw (937).bmp,./NYU_GT/gt (937).bmp
./NYU_UW_type1/uw (938).bmp,./NYU_GT/gt (938).bmp
./NYU_UW_type1/uw (939).bmp,./NYU_GT/gt (939).bmp
./NYU_UW_type1/uw (940).bmp,./NYU_GT/gt (940).bmp
./NYU_UW_type1/uw (941).bmp,./NYU_GT/gt (941).bmp
./NYU_UW_type1/uw (942).bmp,./NYU_GT/gt (942).bmp
./NYU_UW_type1/uw (943).bmp,./NYU_GT/gt (943).bmp
./NYU_UW_type1/uw (944).bmp,./NYU_GT/gt (944).bmp
./NYU_UW_type1/uw (945).bmp,./NYU_GT/gt (945).bmp
./NYU_UW_type1/uw (946).bmp,./NYU_GT/gt (946).bmp
./NYU_UW_type1/uw (947).bmp,./NYU_GT/gt (947).bmp
./NYU_UW_type1/uw (948).bmp,./NYU_GT/gt (948).bmp
./NYU_UW_type1/uw (949).bmp,./NYU_GT/gt (949).bmp
./NYU_UW_type1/uw (950).bmp,./NYU_GT/gt (950).bmp
./NYU_UW_type1/uw (951).bmp,./NYU_GT/gt (951).bmp
./NYU_UW_type1/uw (952).bmp,./NYU_GT/gt (952).bmp
./NYU_UW_type1/uw (953).bmp,./NYU_GT/gt (953).bmp
./NYU_UW_type1/uw (954).bmp,./NYU_GT/gt (954).bmp
./NYU_UW_type1/uw (955).bmp,./NYU_GT/gt (955).bmp
./NYU_UW_type1/uw (956).bmp,./NYU_GT/gt (956).bmp
./NYU_UW_type1/uw (957).bmp,./NYU_GT/gt (957).bmp
./NYU_UW_type1/uw (958).bmp,./NYU_GT/gt (958).bmp
./NYU_UW_type1/uw (959).bmp,./NYU_GT/gt (959).bmp
./NYU_UW_type1/uw (960).bmp,./NYU_GT/gt (960).bmp
./NYU_UW_type1/uw (961).bmp,./NYU_GT/gt (961).bmp
./NYU_UW_type1/uw (962).bmp,./NYU_GT/gt (962).bmp
./NYU_UW_type1/uw (963).bmp,./NYU_GT/gt (963).bmp
./NYU_UW_type1/uw (964).bmp,./NYU_GT/gt (964).bmp
./NYU_UW_type1/uw (965).bmp,./NYU_GT/gt (965).bmp
./NYU_UW_type1/uw (966).bmp,./NYU_GT/gt (966).bmp
./NYU_UW_type1/uw (967).bmp,./NYU_GT/gt (967).bmp
./NYU_UW_type1/uw (968).bmp,./NYU_GT/gt (968).bmp
./NYU_UW_type1/uw (969).bmp,./NYU_GT/gt (969).bmp
./NYU_UW_type1/uw (970).bmp,./NYU_GT/gt (970).bmp
./NYU_UW_type1/uw (971).bmp,./NYU_GT/gt (971).bmp
./NYU_UW_type1/uw (972).bmp,./NYU_GT/gt (972).bmp
./NYU_UW_type1/uw (973).bmp,./NYU_GT/gt (973).bmp
./NYU_UW_type1/uw (974).bmp,./NYU_GT/gt (974).bmp
./NYU_UW_type1/uw (975).bmp,./NYU_GT/gt (975).bmp
./NYU_UW_type1/uw (976).bmp,./NYU_GT/gt (976).bmp
./NYU_UW_type1/uw (977).bmp,./NYU_GT/gt (977).bmp
./NYU_UW_type1/uw (978).bmp,./NYU_GT/gt (978).bmp
./NYU_UW_type1/uw (979).bmp,./NYU_GT/gt (979).bmp
./NYU_UW_type1/uw (980).bmp,./NYU_GT/gt (980).bmp
./NYU_UW_type1/uw (981).bmp,./NYU_GT/gt (981).bmp
./NYU_UW_type1/uw (982).bmp,./NYU_GT/gt (982).bmp
./NYU_UW_type1/uw (983).bmp,./NYU_GT/gt (983).bmp
./NYU_UW_type1/uw (984).bmp,./NYU_GT/gt (984).bmp
./NYU_UW_type1/uw (985).bmp,./NYU_GT/gt (985).bmp
./NYU_UW_type1/uw (986).bmp,./NYU_GT/gt (986).bmp
./NYU_UW_type1/uw (987).bmp,./NYU_GT/gt (987).bmp
./NYU_UW_type1/uw (988).bmp,./NYU_GT/gt (988).bmp
./NYU_UW_type1/uw (989).bmp,./NYU_GT/gt (989).bmp
./NYU_UW_type1/uw (990).bmp,./NYU_GT/gt (990).bmp
./NYU_UW_type1/uw (991).bmp,./NYU_GT/gt (991).bmp
./NYU_UW_type1/uw (992).bmp,./NYU_GT/gt (992).bmp
./NYU_UW_type1/uw (993).bmp,./NYU_GT/gt (993).bmp
./NYU_UW_type1/uw (994).bmp,./NYU_GT/gt (994).bmp
./NYU_UW_type1/uw (995).bmp,./NYU_GT/gt (995).bmp
./NYU_UW_type1/uw (996).bmp,./NYU_GT/gt (996).bmp
./NYU_UW_type1/uw (997).bmp,./NYU_GT/gt (997).bmp
./NYU_UW_type1/uw (998).bmp,./NYU_GT/gt (998).bmp
./NYU_UW_type1/uw (999).bmp,./NYU_GT/gt (999).bmp
./NYU_UW_type1/uw (1000).bmp,./NYU_GT/gt (1000).bmp
./NYU_UW_type1/uw (1001).bmp,./NYU_GT/gt (1001).bmp
./NYU_UW_type1/uw (1002).bmp,./NYU_GT/gt (1002).bmp
./NYU_UW_type1/uw (1003).bmp,./NYU_GT/gt (1003).bmp
./NYU_UW_type1/uw (1004).bmp,./NYU_GT/gt (1004).bmp
./NYU_UW_type1/uw (1005).bmp,./NYU_GT/gt (1005).bmp
./NYU_UW_type1/uw (1006).bmp,./NYU_GT/gt (1006).bmp
./NYU_UW_type1/uw (1007).bmp,./NYU_GT/gt (1007).bmp
./NYU_UW_type1/uw (1008).bmp,./NYU_GT/gt (1008).bmp
./NYU_UW_type1/uw (1009).bmp,./NYU_GT/gt (1009).bmp
./NYU_UW_type1/uw (1010).bmp,./NYU_GT/gt (1010).bmp
./NYU_UW_type1/uw (1011).bmp,./NYU_GT/gt (1011).bmp
./NYU_UW_type1/uw (1012).bmp,./NYU_GT/gt (1012).bmp
./NYU_UW_type1/uw (1013).bmp,./NYU_GT/gt (1013).bmp
./NYU_UW_type1/uw (1014).bmp,./NYU_GT/gt (1014).bmp
./NYU_UW_type1/uw (1015).bmp,./NYU_GT/gt (1015).bmp
./NYU_UW_type1/uw (1016).bmp,./NYU_GT/gt (1016).bmp
./NYU_UW_type1/uw (1017).bmp,./NYU_GT/gt (1017).bmp
./NYU_UW_type1/uw (1018).bmp,./NYU_GT/gt (1018).bmp
./NYU_UW_type1/uw (1019).bmp,./NYU_GT/gt (1019).bmp
./NYU_UW_type1/uw (1020).bmp,./NYU_GT/gt (1020).bmp
./NYU_UW_type1/uw (1021).bmp,./NYU_GT/gt (1021).bmp
./NYU_UW_type1/uw (1022).bmp,./NYU_GT/gt (1022).bmp
./NYU_UW_type1/uw (1023).bmp,./NYU_GT/gt (1023).bmp
./NYU_UW_type1/uw (1024).bmp,./NYU_GT/gt (1024).bmp
./NYU_UW_type1/uw (1025).bmp,./NYU_GT/gt (1025).bmp
./NYU_UW_type1/uw (1026).bmp,./NYU_GT/gt (1026).bmp
./NYU_UW_type1/uw (1027).bmp,./NYU_GT/gt (1027).bmp
./NYU_UW_type1/uw (1028).bmp,./NYU_GT/gt (1028).bmp
./NYU_UW_type1/uw (1029).bmp,./NYU_GT/gt (1029).bmp
./NYU_UW_type1/uw (1030).bmp,./NYU_GT/gt (1030).bmp
./NYU_UW_type1/uw (1031).bmp,./NYU_GT/gt (1031).bmp
./NYU_UW_type1/uw (1032).bmp,./NYU_GT/gt (1032).bmp
./NYU_UW_type1/uw (1033).bmp,./NYU_GT/gt (1033).bmp
./NYU_UW_type1/uw (1034).bmp,./NYU_GT/gt (1034).bmp
./NYU_UW_type1/uw (1035).bmp,./NYU_GT/gt (1035).bmp
./NYU_UW_type1/uw (1036).bmp,./NYU_GT/gt (1036).bmp
./NYU_UW_type1/uw (1037).bmp,./NYU_GT/gt (1037).bmp
./NYU_UW_type1/uw (1038).bmp,./NYU_GT/gt (1038).bmp
./NYU_UW_type1/uw (1039).bmp,./NYU_GT/gt (1039).bmp
./NYU_UW_type1/uw (1040).bmp,./NYU_GT/gt (1040).bmp
./NYU_UW_type1/uw (1041).bmp,./NYU_GT/gt (1041).bmp
./NYU_UW_type1/uw (1042).bmp,./NYU_GT/gt (1042).bmp
./NYU_UW_type1/uw (1043).bmp,./NYU_GT/gt (1043).bmp
./NYU_UW_type1/uw (1044).bmp,./NYU_GT/gt (1044).bmp
./NYU_UW_type1/uw (1045).bmp,./NYU_GT/gt (1045).bmp
./NYU_UW_type1/uw (1046).bmp,./NYU_GT/gt (1046).bmp
./NYU_UW_type1/uw (1047).bmp,./NYU_GT/gt (1047).bmp
./NYU_UW_type1/uw (1048).bmp,./NYU_GT/gt (1048).bmp
./NYU_UW_type1/uw (1049).bmp,./NYU_GT/gt (1049).bmp
./NYU_UW_type1/uw (1050).bmp,./NYU_GT/gt (1050).bmp
./NYU_UW_type1/uw (1051).bmp,./NYU_GT/gt (1051).bmp
./NYU_UW_type1/uw (1052).bmp,./NYU_GT/gt (1052).bmp
./NYU_UW_type1/uw (1053).bmp,./NYU_GT/gt (1053).bmp
./NYU_UW_type1/uw (1054).bmp,./NYU_GT/gt (1054).bmp
./NYU_UW_type1/uw (1055).bmp,./NYU_GT/gt (1055).bmp
./NYU_UW_type1/uw (1056).bmp,./NYU_GT/gt (1056).bmp
./NYU_UW_type1/uw (1057).bmp,./NYU_GT/gt (1057).bmp
./NYU_UW_type1/uw (1058).bmp,./NYU_GT/gt (1058).bmp
./NYU_UW_type1/uw (1059).bmp,./NYU_GT/gt (1059).bmp
./NYU_UW_type1/uw (1060).bmp,./NYU_GT/gt (1060).bmp
./NYU_UW_type1/uw (1061).bmp,./NYU_GT/gt (1061).bmp
./NYU_UW_type1/uw (1062).bmp,./NYU_GT/gt (1062).bmp
./NYU_UW_type1/uw (1063).bmp,./NYU_GT/gt (1063).bmp
./NYU_UW_type1/uw (1064).bmp,./NYU_GT/gt (1064).bmp
./NYU_UW_type1/uw (1065).bmp,./NYU_GT/gt (1065).bmp
./NYU_UW_type1/uw (1066).bmp,./NYU_GT/gt (1066).bmp
./NYU_UW_type1/uw (1067).bmp,./NYU_GT/gt (1067).bmp
./NYU_UW_type1/uw (1068).bmp,./NYU_GT/gt (1068).bmp
./NYU_UW_type1/uw (1069).bmp,./NYU_GT/gt (1069).bmp
./NYU_UW_type1/uw (1070).bmp,./NYU_GT/gt (1070).bmp
./NYU_UW_type1/uw (1071).bmp,./NYU_GT/gt (1071).bmp
./NYU_UW_type1/uw (1072).bmp,./NYU_GT/gt (1072).bmp
./NYU_UW_type1/uw (1073).bmp,./NYU_GT/gt (1073).bmp
./NYU_UW_type1/uw (1074).bmp,./NYU_GT/gt (1074).bmp
./NYU_UW_type1/uw (1075).bmp,./NYU_GT/gt (1075).bmp
./NYU_UW_type1/uw (1076).bmp,./NYU_GT/gt (1076).bmp
./NYU_UW_type1/uw (1077).bmp,./NYU_GT/gt (1077).bmp
./NYU_UW_type1/uw (1078).bmp,./NYU_GT/gt (1078).bmp
./NYU_UW_type1/uw (1079).bmp,./NYU_GT/gt (1079).bmp
./NYU_UW_type1/uw (1080).bmp,./NYU_GT/gt (1080).bmp
./NYU_UW_type1/uw (1081).bmp,./NYU_GT/gt (1081).bmp
./NYU_UW_type1/uw (1082).bmp,./NYU_GT/gt (1082).bmp
./NYU_UW_type1/uw (1083).bmp,./NYU_GT/gt (1083).bmp
./NYU_UW_type1/uw (1084).bmp,./NYU_GT/gt (1084).bmp
./NYU_UW_type1/uw (1085).bmp,./NYU_GT/gt (1085).bmp
./NYU_UW_type1/uw (1086).bmp,./NYU_GT/gt (1086).bmp
./NYU_UW_type1/uw (1087).bmp,./NYU_GT/gt (1087).bmp
./NYU_UW_type1/uw (1088).bmp,./NYU_GT/gt (1088).bmp
./NYU_UW_type1/uw (1089).bmp,./NYU_GT/gt (1089).bmp
./NYU_UW_type1/uw (1090).bmp,./NYU_GT/gt (1090).bmp
./NYU_UW_type1/uw (1091).bmp,./NYU_GT/gt (1091).bmp
./NYU_UW_type1/uw (1092).bmp,./NYU_GT/gt (1092).bmp
./NYU_UW_type1/uw (1093).bmp,./NYU_GT/gt (1093).bmp
./NYU_UW_type1/uw (1094).bmp,./NYU_GT/gt (1094).bmp
./NYU_UW_type1/uw (1095).bmp,./NYU_GT/gt (1095).bmp
./NYU_UW_type1/uw (1096).bmp,./NYU_GT/gt (1096).bmp
./NYU_UW_type1/uw (1097).bmp,./NYU_GT/gt (1097).bmp
./NYU_UW_type1/uw (1098).bmp,./NYU_GT/gt (1098).bmp
./NYU_UW_type1/uw (1099).bmp,./NYU_GT/gt (1099).bmp
./NYU_UW_type1/uw (1100).bmp,./NYU_GT/gt (1100).bmp
./NYU_UW_type1/uw (1101).bmp,./NYU_GT/gt (1101).bmp
./NYU_UW_type1/uw (1102).bmp,./NYU_GT/gt (1102).bmp
./NYU_UW_type1/uw (1103).bmp,./NYU_GT/gt (1103).bmp
./NYU_UW_type1/uw (1104).bmp,./NYU_GT/gt (1104).bmp
./NYU_UW_type1/uw (1105).bmp,./NYU_GT/gt (1105).bmp
./NYU_UW_type1/uw (1106).bmp,./NYU_GT/gt (1106).bmp
./NYU_UW_type1/uw (1107).bmp,./NYU_GT/gt (1107).bmp
./NYU_UW_type1/uw (1108).bmp,./NYU_GT/gt (1108).bmp
./NYU_UW_type1/uw (1109).bmp,./NYU_GT/gt (1109).bmp
./NYU_UW_type1/uw (1110).bmp,./NYU_GT/gt (1110).bmp
./NYU_UW_type1/uw (1111).bmp,./NYU_GT/gt (1111).bmp
./NYU_UW_type1/uw (1112).bmp,./NYU_GT/gt (1112).bmp
./NYU_UW_type1/uw (1113).bmp,./NYU_GT/gt (1113).bmp
./NYU_UW_type1/uw (1114).bmp,./NYU_GT/gt (1114).bmp
./NYU_UW_type1/uw (1115).bmp,./NYU_GT/gt (1115).bmp
./NYU_UW_type1/uw (1116).bmp,./NYU_GT/gt (1116).bmp
./NYU_UW_type1/uw (1117).bmp,./NYU_GT/gt (1117).bmp
./NYU_UW_type1/uw (1118).bmp,./NYU_GT/gt (1118).bmp
./NYU_UW_type1/uw (1119).bmp,./NYU_GT/gt (1119).bmp
./NYU_UW_type1/uw (1120).bmp,./NYU_GT/gt (1120).bmp
./NYU_UW_type1/uw (1121).bmp,./NYU_GT/gt (1121).bmp
./NYU_UW_type1/uw (1122).bmp,./NYU_GT/gt (1122).bmp
./NYU_UW_type1/uw (1123).bmp,./NYU_GT/gt (1123).bmp
./NYU_UW_type1/uw (1124).bmp,./NYU_GT/gt (1124).bmp
./NYU_UW_type1/uw (1125).bmp,./NYU_GT/gt (1125).bmp
./NYU_UW_type1/uw (1126).bmp,./NYU_GT/gt (1126).bmp
./NYU_UW_type1/uw (1127).bmp,./NYU_GT/gt (1127).bmp
./NYU_UW_type1/uw (1128).bmp,./NYU_GT/gt (1128).bmp
./NYU_UW_type1/uw (1129).bmp,./NYU_GT/gt (1129).bmp
./NYU_UW_type1/uw (1130).bmp,./NYU_GT/gt (1130).bmp
./NYU_UW_type1/uw (1131).bmp,./NYU_GT/gt (1131).bmp
./NYU_UW_type1/uw (1132).bmp,./NYU_GT/gt (1132).bmp
./NYU_UW_type1/uw (1133).bmp,./NYU_GT/gt (1133).bmp
./NYU_UW_type1/uw (1134).bmp,./NYU_GT/gt (1134).bmp
./NYU_UW_type1/uw (1135).bmp,./NYU_GT/gt (1135).bmp
./NYU_UW_type1/uw (1136).bmp,./NYU_GT/gt (1136).bmp
./NYU_UW_type1/uw (1137).bmp,./NYU_GT/gt (1137).bmp
./NYU_UW_type1/uw (1138).bmp,./NYU_GT/gt (1138).bmp
./NYU_UW_type1/uw (1139).bmp,./NYU_GT/gt (1139).bmp
./NYU_UW_type1/uw (1140).bmp,./NYU_GT/gt (1140).bmp
./NYU_UW_type1/uw (1141).bmp,./NYU_GT/gt (1141).bmp
./NYU_UW_type1/uw (1142).bmp,./NYU_GT/gt (1142).bmp
./NYU_UW_type1/uw (1143).bmp,./NYU_GT/gt (1143).bmp
./NYU_UW_type1/uw (1144).bmp,./NYU_GT/gt (1144).bmp
./NYU_UW_type1/uw (1145).bmp,./NYU_GT/gt (1145).bmp
./NYU_UW_type1/uw (1146).bmp,./NYU_GT/gt (1146).bmp
./NYU_UW_type1/uw (1147).bmp,./NYU_GT/gt (1147).bmp
./NYU_UW_type1/uw (1148).bmp,./NYU_GT/gt (1148).bmp
./NYU_UW_type1/uw (1149).bmp,./NYU_GT/gt (1149).bmp
./NYU_UW_type1/uw (1150).bmp,./NYU_GT/gt (1150).bmp
./NYU_UW_type1/uw (1151).bmp,./NYU_GT/gt (1151).bmp
./NYU_UW_type1/uw (1152).bmp,./NYU_GT/gt (1152).bmp
./NYU_UW_type1/uw (1153).bmp,./NYU_GT/gt (1153).bmp
./NYU_UW_type1/uw (1154).bmp,./NYU_GT/gt (1154).bmp
./NYU_UW_type1/uw (1155).bmp,./NYU_GT/gt (1155).bmp
./NYU_UW_type1/uw (1156).bmp,./NYU_GT/gt (1156).bmp
./NYU_UW_type1/uw (1157).bmp,./NYU_GT/gt (1157).bmp
./NYU_UW_type1/uw (1158).bmp,./NYU_GT/gt (1158).bmp
./NYU_UW_type1/uw (1159).bmp,./NYU_GT/gt (1159).bmp
./NYU_UW_type1/uw (1160).bmp,./NYU_GT/gt (1160).bmp
./NYU_UW_type1/uw (1161).bmp,./NYU_GT/gt (1161).bmp
./NYU_UW_type1/uw (1162).bmp,./NYU_GT/gt (1162).bmp
./NYU_UW_type1/uw (1163).bmp,./NYU_GT/gt (1163).bmp
./NYU_UW_type1/uw (1164).bmp,./NYU_GT/gt (1164).bmp
./NYU_UW_type1/uw (1165).bmp,./NYU_GT/gt (1165).bmp
./NYU_UW_type1/uw (1166).bmp,./NYU_GT/gt (1166).bmp
./NYU_UW_type1/uw (1167).bmp,./NYU_GT/gt (1167).bmp
./NYU_UW_type1/uw (1168).bmp,./NYU_GT/gt (1168).bmp
./NYU_UW_type1/uw (1169).bmp,./NYU_GT/gt (1169).bmp
./NYU_UW_type1/uw (1170).bmp,./NYU_GT/gt (1170).bmp
./NYU_UW_type1/uw (1171).bmp,./NYU_GT/gt (1171).bmp
./NYU_UW_type1/uw (1172).bmp,./NYU_GT/gt (1172).bmp
./NYU_UW_type1/uw (1173).bmp,./NYU_GT/gt (1173).bmp
./NYU_UW_type1/uw (1174).bmp,./NYU_GT/gt (1174).bmp
./NYU_UW_type1/uw (1175).bmp,./NYU_GT/gt (1175).bmp
./NYU_UW_type1/uw (1176).bmp,./NYU_GT/gt (1176).bmp
./NYU_UW_type1/uw (1177).bmp,./NYU_GT/gt (1177).bmp
./NYU_UW_type1/uw (1178).bmp,./NYU_GT/gt (1178).bmp
./NYU_UW_type1/uw (1179).bmp,./NYU_GT/gt (1179).bmp
./NYU_UW_type1/uw (1180).bmp,./NYU_GT/gt (1180).bmp
./NYU_UW_type1/uw (1181).bmp,./NYU_GT/gt (1181).bmp
./NYU_UW_type1/uw (1182).bmp,./NYU_GT/gt (1182).bmp
./NYU_UW_type1/uw (1183).bmp,./NYU_GT/gt (1183).bmp
./NYU_UW_type1/uw (1184).bmp,./NYU_GT/gt (1184).bmp
./NYU_UW_type1/uw (1185).bmp,./NYU_GT/gt (1185).bmp
./NYU_UW_type1/uw (1186).bmp,./NYU_GT/gt (1186).bmp
./NYU_UW_type1/uw (1187).bmp,./NYU_GT/gt (1187).bmp
./NYU_UW_type1/uw (1188).bmp,./NYU_GT/gt (1188).bmp
./NYU_UW_type1/uw (1189).bmp,./NYU_GT/gt (1189).bmp
./NYU_UW_type1/uw (1190).bmp,./NYU_GT/gt (1190).bmp
./NYU_UW_type1/uw (1191).bmp,./NYU_GT/gt (1191).bmp
./NYU_UW_type1/uw (1192).bmp,./NYU_GT/gt (1192).bmp
./NYU_UW_type1/uw (1193).bmp,./NYU_GT/gt (1193).bmp
./NYU_UW_type1/uw (1194).bmp,./NYU_GT/gt (1194).bmp
./NYU_UW_type1/uw (1195).bmp,./NYU_GT/gt (1195).bmp
./NYU_UW_type1/uw (1196).bmp,./NYU_GT/gt (1196).bmp
./NYU_UW_type1/uw (1197).bmp,./NYU_GT/gt (1197).bmp
./NYU_UW_type1/uw (1198).bmp,./NYU_GT/gt (1198).bmp
./NYU_UW_type1/uw (1199).bmp,./NYU_GT/gt (1199).bmp
./NYU_UW_type1/uw (1200).bmp,./NYU_GT/gt (1200).bmp
./NYU_UW_type1/uw (1201).bmp,./NYU_GT/gt (1201).bmp
./NYU_UW_type1/uw (1202).bmp,./NYU_GT/gt (1202).bmp
./NYU_UW_type1/uw (1203).bmp,./NYU_GT/gt (1203).bmp
./NYU_UW_type1/uw (1204).bmp,./NYU_GT/gt (1204).bmp
./NYU_UW_type1/uw (1205).bmp,./NYU_GT/gt (1205).bmp
./NYU_UW_type1/uw (1206).bmp,./NYU_GT/gt (1206).bmp
./NYU_UW_type1/uw (1207).bmp,./NYU_GT/gt (1207).bmp
./NYU_UW_type1/uw (1208).bmp,./NYU_GT/gt (1208).bmp
./NYU_UW_type1/uw (1209).bmp,./NYU_GT/gt (1209).bmp
./NYU_UW_type1/uw (1210).bmp,./NYU_GT/gt (1210).bmp
./NYU_UW_type1/uw (1211).bmp,./NYU_GT/gt (1211).bmp
./NYU_UW_type1/uw (1212).bmp,./NYU_GT/gt (1212).bmp
./NYU_UW_type1/uw (1213).bmp,./NYU_GT/gt (1213).bmp
./NYU_UW_type1/uw (1214).bmp,./NYU_GT/gt (1214).bmp
./NYU_UW_type1/uw (1215).bmp,./NYU_GT/gt (1215).bmp
./NYU_UW_type1/uw (1216).bmp,./NYU_GT/gt (1216).bmp
./NYU_UW_type1/uw (1217).bmp,./NYU_GT/gt (1217).bmp
./NYU_UW_type1/uw (1218).bmp,./NYU_GT/gt (1218).bmp
./NYU_UW_type1/uw (1219).bmp,./NYU_GT/gt (1219).bmp
./NYU_UW_type1/uw (1220).bmp,./NYU_GT/gt (1220).bmp
./NYU_UW_type1/uw (1221).bmp,./NYU_GT/gt (1221).bmp
./NYU_UW_type1/uw (1222).bmp,./NYU_GT/gt (1222).bmp
./NYU_UW_type1/uw (1223).bmp,./NYU_GT/gt (1223).bmp
./NYU_UW_type1/uw (1224).bmp,./NYU_GT/gt (1224).bmp
./NYU_UW_type1/uw (1225).bmp,./NYU_GT/gt (1225).bmp
./NYU_UW_type1/uw (1226).bmp,./NYU_GT/gt (1226).bmp
./NYU_UW_type1/uw (1227).bmp,./NYU_GT/gt (1227).bmp
./NYU_UW_type1/uw (1228).bmp,./NYU_GT/gt (1228).bmp
./NYU_UW_type1/uw (1229).bmp,./NYU_GT/gt (1229).bmp
./NYU_UW_type1/uw (1230).bmp,./NYU_GT/gt (1230).bmp
./NYU_UW_type1/uw (1231).bmp,./NYU_GT/gt (1231).bmp
./NYU_UW_type1/uw (1232).bmp,./NYU_GT/gt (1232).bmp
./NYU_UW_type1/uw (1233).bmp,./NYU_GT/gt (1233).bmp
./NYU_UW_type1/uw (1234).bmp,./NYU_GT/gt (1234).bmp
./NYU_UW_type1/uw (1235).bmp,./NYU_GT/gt (1235).bmp
./NYU_UW_type1/uw (1236).bmp,./NYU_GT/gt (1236).bmp
./NYU_UW_type1/uw (1237).bmp,./NYU_GT/gt (1237).bmp
./NYU_UW_type1/uw (1238).bmp,./NYU_GT/gt (1238).bmp
./NYU_UW_type1/uw (1239).bmp,./NYU_GT/gt (1239).bmp
./NYU_UW_type1/uw (1240).bmp,./NYU_GT/gt (1240).bmp
./NYU_UW_type1/uw (1241).bmp,./NYU_GT/gt (1241).bmp
./NYU_UW_type1/uw (1242).bmp,./NYU_GT/gt (1242).bmp
./NYU_UW_type1/uw (1243).bmp,./NYU_GT/gt (1243).bmp
./NYU_UW_type1/uw (1244).bmp,./NYU_GT/gt (1244).bmp
./NYU_UW_type1/uw (1245).bmp,./NYU_GT/gt (1245).bmp
./NYU_UW_type1/uw (1246).bmp,./NYU_GT/gt (1246).bmp
./NYU_UW_type1/uw (1247).bmp,./NYU_GT/gt (1247).bmp
./NYU_UW_type1/uw (1248).bmp,./NYU_GT/gt (1248).bmp
./NYU_UW_type1/uw (1249).bmp,./NYU_GT/gt (1249).bmp
./NYU_UW_type1/uw (1250).bmp,./NYU_GT/gt (1250).bmp
./NYU_UW_type1/uw (1251).bmp,./NYU_GT/gt (1251).bmp
./NYU_UW_type1/uw (1252).bmp,./NYU_GT/gt (1252).bmp
./NYU_UW_type1/uw (1253).bmp,./NYU_GT/gt (1253).bmp
./NYU_UW_type1/uw (1254).bmp,./NYU_GT/gt (1254).bmp
./NYU_UW_type1/uw (1255).bmp,./NYU_GT/gt (1255).bmp
./NYU_UW_type1/uw (1256).bmp,./NYU_GT/gt (1256).bmp
./NYU_UW_type1/uw (1257).bmp,./NYU_GT/gt (1257).bmp
./NYU_UW_type1/uw (1258).bmp,./NYU_GT/gt (1258).bmp
./NYU_UW_type1/uw (1259).bmp,./NYU_GT/gt (1259).bmp
./NYU_UW_type1/uw (1260).bmp,./NYU_GT/gt (1260).bmp
./NYU_UW_type1/uw (1261).bmp,./NYU_GT/gt (1261).bmp
./NYU_UW_type1/uw (1262).bmp,./NYU_GT/gt (1262).bmp
./NYU_UW_type1/uw (1263).bmp,./NYU_GT/gt (1263).bmp
./NYU_UW_type1/uw (1264).bmp,./NYU_GT/gt (1264).bmp
./NYU_UW_type1/uw (1265).bmp,./NYU_GT/gt (1265).bmp
./NYU_UW_type1/uw (1266).bmp,./NYU_GT/gt (1266).bmp
./NYU_UW_type1/uw (1267).bmp,./NYU_GT/gt (1267).bmp
./NYU_UW_type1/uw (1268).bmp,./NYU_GT/gt (1268).bmp
./NYU_UW_type1/uw (1269).bmp,./NYU_GT/gt (1269).bmp
./NYU_UW_type1/uw (1270).bmp,./NYU_GT/gt (1270).bmp
./NYU_UW_type1/uw (1271).bmp,./NYU_GT/gt (1271).bmp
./NYU_UW_type1/uw (1272).bmp,./NYU_GT/gt (1272).bmp
./NYU_UW_type1/uw (1273).bmp,./NYU_GT/gt (1273).bmp
./NYU_UW_type1/uw (1274).bmp,./NYU_GT/gt (1274).bmp
./NYU_UW_type1/uw (1275).bmp,./NYU_GT/gt (1275).bmp
./NYU_UW_type1/uw (1276).bmp,./NYU_GT/gt (1276).bmp
./NYU_UW_type1/uw (1277).bmp,./NYU_GT/gt (1277).bmp
./NYU_UW_type1/uw (1278).bmp,./NYU_GT/gt (1278).bmp
./NYU_UW_type1/uw (1279).bmp,./NYU_GT/gt (1279).bmp
./NYU_UW_type1/uw (1280).bmp,./NYU_GT/gt (1280).bmp
./NYU_UW_type1/uw (1281).bmp,./NYU_GT/gt (1281).bmp
./NYU_UW_type1/uw (1282).bmp,./NYU_GT/gt (1282).bmp
./NYU_UW_type1/uw (1283).bmp,./NYU_GT/gt (1283).bmp
./NYU_UW_type1/uw (1284).bmp,./NYU_GT/gt (1284).bmp
./NYU_UW_type1/uw (1285).bmp,./NYU_GT/gt (1285).bmp
./NYU_UW_type1/uw (1286).bmp,./NYU_GT/gt (1286).bmp
./NYU_UW_type1/uw (1287).bmp,./NYU_GT/gt (1287).bmp
./NYU_UW_type1/uw (1288).bmp,./NYU_GT/gt (1288).bmp
./NYU_UW_type1/uw (1289).bmp,./NYU_GT/gt (1289).bmp
./NYU_UW_type1/uw (1290).bmp,./NYU_GT/gt (1290).bmp
./NYU_UW_type1/uw (1291).bmp,./NYU_GT/gt (1291).bmp
./NYU_UW_type1/uw (1292).bmp,./NYU_GT/gt (1292).bmp
./NYU_UW_type1/uw (1293).bmp,./NYU_GT/gt (1293).bmp
./NYU_UW_type1/uw (1294).bmp,./NYU_GT/gt (1294).bmp
./NYU_UW_type1/uw (1295).bmp,./NYU_GT/gt (1295).bmp
./NYU_UW_type1/uw (1296).bmp,./NYU_GT/gt (1296).bmp
./NYU_UW_type1/uw (1297).bmp,./NYU_GT/gt (1297).bmp
./NYU_UW_type1/uw (1298).bmp,./NYU_GT/gt (1298).bmp
./NYU_UW_type1/uw (1299).bmp,./NYU_GT/gt (1299).bmp
./NYU_UW_type1/uw (1300).bmp,./NYU_GT/gt (1300).bmp
./NYU_UW_type1/uw (1301).bmp,./NYU_GT/gt (1301).bmp
./NYU_UW_type1/uw (1302).bmp,./NYU_GT/gt (1302).bmp
./NYU_UW_type1/uw (1303).bmp,./NYU_GT/gt (1303).bmp
./NYU_UW_type1/uw (1304).bmp,./NYU_GT/gt (1304).bmp
./NYU_UW_type1/uw (1305).bmp,./NYU_GT/gt (1305).bmp
./NYU_UW_type1/uw (1306).bmp,./NYU_GT/gt (1306).bmp
./NYU_UW_type1/uw (1307).bmp,./NYU_GT/gt (1307).bmp
./NYU_UW_type1/uw (1308).bmp,./NYU_GT/gt (1308).bmp
./NYU_UW_type1/uw (1309).bmp,./NYU_GT/gt (1309).bmp
./NYU_UW_type1/uw (1310).bmp,./NYU_GT/gt (1310).bmp
./NYU_UW_type1/uw (1311).bmp,./NYU_GT/gt (1311).bmp
./NYU_UW_type1/uw (1312).bmp,./NYU_GT/gt (1312).bmp
./NYU_UW_type1/uw (1313).bmp,./NYU_GT/gt (1313).bmp
./NYU_UW_type1/uw (1314).bmp,./NYU_GT/gt (1314).bmp
./NYU_UW_type1/uw (1315).bmp,./NYU_GT/gt (1315).bmp
./NYU_UW_type1/uw (1316).bmp,./NYU_GT/gt (1316).bmp
./NYU_UW_type1/uw (1317).bmp,./NYU_GT/gt (1317).bmp
./NYU_UW_type1/uw (1318).bmp,./NYU_GT/gt (1318).bmp
./NYU_UW_type1/uw (1319).bmp,./NYU_GT/gt (1319).bmp
./NYU_UW_type1/uw (1320).bmp,./NYU_GT/gt (1320).bmp
./NYU_UW_type1/uw (1321).bmp,./NYU_GT/gt (1321).bmp
./NYU_UW_type1/uw (1322).bmp,./NYU_GT/gt (1322).bmp
./NYU_UW_type1/uw (1323).bmp,./NYU_GT/gt (1323).bmp
./NYU_UW_type1/uw (1324).bmp,./NYU_GT/gt (1324).bmp
./NYU_UW_type1/uw (1325).bmp,./NYU_GT/gt (1325).bmp
./NYU_UW_type1/uw (1326).bmp,./NYU_GT/gt (1326).bmp
./NYU_UW_type1/uw (1327).bmp,./NYU_GT/gt (1327).bmp
./NYU_UW_type1/uw (1328).bmp,./NYU_GT/gt (1328).bmp
./NYU_UW_type1/uw (1329).bmp,./NYU_GT/gt (1329).bmp
./NYU_UW_type1/uw (1330).bmp,./NYU_GT/gt (1330).bmp
./NYU_UW_type1/uw (1331).bmp,./NYU_GT/gt (1331).bmp
./NYU_UW_type1/uw (1332).bmp,./NYU_GT/gt (1332).bmp
./NYU_UW_type1/uw (1333).bmp,./NYU_GT/gt (1333).bmp
./NYU_UW_type1/uw (1334).bmp,./NYU_GT/gt (1334).bmp
./NYU_UW_type1/uw (1335).bmp,./NYU_GT/gt (1335).bmp
./NYU_UW_type1/uw (1336).bmp,./NYU_GT/gt (1336).bmp
./NYU_UW_type1/uw (1337).bmp,./NYU_GT/gt (1337).bmp
./NYU_UW_type1/uw (1338).bmp,./NYU_GT/gt (1338).bmp
./NYU_UW_type1/uw (1339).bmp,./NYU_GT/gt (1339).bmp
./NYU_UW_type1/uw (1340).bmp,./NYU_GT/gt (1340).bmp
./NYU_UW_type1/uw (1341).bmp,./NYU_GT/gt (1341).bmp
./NYU_UW_type1/uw (1342).bmp,./NYU_GT/gt (1342).bmp
./NYU_UW_type1/uw (1343).bmp,./NYU_GT/gt (1343).bmp
./NYU_UW_type1/uw (1344).bmp,./NYU_GT/gt (1344).bmp
./NYU_UW_type1/uw (1345).bmp,./NYU_GT/gt (1345).bmp
./NYU_UW_type1/uw (1346).bmp,./NYU_GT/gt (1346).bmp
./NYU_UW_type1/uw (1347).bmp,./NYU_GT/gt (1347).bmp
./NYU_UW_type1/uw (1348).bmp,./NYU_GT/gt (1348).bmp
./NYU_UW_type1/uw (1349).bmp,./NYU_GT/gt (1349).bmp
./NYU_UW_type1/uw (1350).bmp,./NYU_GT/gt (1350).bmp
./NYU_UW_type1/uw (1351).bmp,./NYU_GT/gt (1351).bmp
./NYU_UW_type1/uw (1352).bmp,./NYU_GT/gt (1352).bmp
./NYU_UW_type1/uw (1353).bmp,./NYU_GT/gt (1353).bmp
./NYU_UW_type1/uw (1354).bmp,./NYU_GT/gt (1354).bmp
./NYU_UW_type1/uw (1355).bmp,./NYU_GT/gt (1355).bmp
./NYU_UW_type1/uw (1356).bmp,./NYU_GT/gt (1356).bmp
./NYU_UW_type1/uw (1357).bmp,./NYU_GT/gt (1357).bmp
./NYU_UW_type1/uw (1358).bmp,./NYU_GT/gt (1358).bmp
./NYU_UW_type1/uw (1359).bmp,./NYU_GT/gt (1359).bmp
./NYU_UW_type1/uw (1360).bmp,./NYU_GT/gt (1360).bmp
./NYU_UW_type1/uw (1361).bmp,./NYU_GT/gt (1361).bmp
./NYU_UW_type1/uw (1362).bmp,./NYU_GT/gt (1362).bmp
./NYU_UW_type1/uw (1363).bmp,./NYU_GT/gt (1363).bmp
./NYU_UW_type1/uw (1364).bmp,./NYU_GT/gt (1364).bmp
./NYU_UW_type1/uw (1365).bmp,./NYU_GT/gt (1365).bmp
./NYU_UW_type1/uw (1366).bmp,./NYU_GT/gt (1366).bmp
./NYU_UW_type1/uw (1367).bmp,./NYU_GT/gt (1367).bmp
./NYU_UW_type1/uw (1368).bmp,./NYU_GT/gt (1368).bmp
./NYU_UW_type1/uw (1369).bmp,./NYU_GT/gt (1369).bmp
./NYU_UW_type1/uw (1370).bmp,./NYU_GT/gt (1370).bmp
./NYU_UW_type1/uw (1371).bmp,./NYU_GT/gt (1371).bmp
./NYU_UW_type1/uw (1372).bmp,./NYU_GT/gt (1372).bmp
./NYU_UW_type1/uw (1373).bmp,./NYU_GT/gt (1373).bmp
./NYU_UW_type1/uw (1374).bmp,./NYU_GT/gt (1374).bmp
./NYU_UW_type1/uw (1375).bmp,./NYU_GT/gt (1375).bmp
./NYU_UW_type1/uw (1376).bmp,./NYU_GT/gt (1376).bmp
./NYU_UW_type1/uw (1377).bmp,./NYU_GT/gt (1377).bmp
./NYU_UW_type1/uw (1378).bmp,./NYU_GT/gt (1378).bmp
./NYU_UW_type1/uw (1379).bmp,./NYU_GT/gt (1379).bmp
./NYU_UW_type1/uw (1380).bmp,./NYU_GT/gt (1380).bmp
./NYU_UW_type1/uw (1381).bmp,./NYU_GT/gt (1381).bmp
./NYU_UW_type1/uw (1382).bmp,./NYU_GT/gt (1382).bmp
./NYU_UW_type1/uw (1383).bmp,./NYU_GT/gt (1383).bmp
./NYU_UW_type1/uw (1384).bmp,./NYU_GT/gt (1384).bmp
./NYU_UW_type1/uw (1385).bmp,./NYU_GT/gt (1385).bmp
./NYU_UW_type1/uw (1386).bmp,./NYU_GT/gt (1386).bmp
./NYU_UW_type1/uw (1387).bmp,./NYU_GT/gt (1387).bmp
./NYU_UW_type1/uw (1388).bmp,./NYU_GT/gt (1388).bmp
./NYU_UW_type1/uw (1389).bmp,./NYU_GT/gt (1389).bmp
./NYU_UW_type1/uw (1390).bmp,./NYU_GT/gt (1390).bmp
./NYU_UW_type1/uw (1391).bmp,./NYU_GT/gt (1391).bmp
./NYU_UW_type1/uw (1392).bmp,./NYU_GT/gt (1392).bmp
./NYU_UW_type1/uw (1393).bmp,./NYU_GT/gt (1393).bmp
./NYU_UW_type1/uw (1394).bmp,./NYU_GT/gt (1394).bmp
./NYU_UW_type1/uw (1395).bmp,./NYU_GT/gt (1395).bmp
./NYU_UW_type1/uw (1396).bmp,./NYU_GT/gt (1396).bmp
./NYU_UW_type1/uw (1397).bmp,./NYU_GT/gt (1397).bmp
./NYU_UW_type1/uw (1398).bmp,./NYU_GT/gt (1398).bmp
./NYU_UW_type1/uw (1399).bmp,./NYU_GT/gt (1399).bmp
./NYU_UW_type1/uw (1400).bmp,./NYU_GT/gt (1400).bmp
./NYU_UW_type1/uw (1401).bmp,./NYU_GT/gt (1401).bmp
./NYU_UW_type1/uw (1402).bmp,./NYU_GT/gt (1402).bmp
./NYU_UW_type1/uw (1403).bmp,./NYU_GT/gt (1403).bmp
./NYU_UW_type1/uw (1404).bmp,./NYU_GT/gt (1404).bmp
./NYU_UW_type1/uw (1405).bmp,./NYU_GT/gt (1405).bmp
./NYU_UW_type1/uw (1406).bmp,./NYU_GT/gt (1406).bmp
./NYU_UW_type1/uw (1407).bmp,./NYU_GT/gt (1407).bmp
./NYU_UW_type1/uw (1408).bmp,./NYU_GT/gt (1408).bmp
./NYU_UW_type1/uw (1409).bmp,./NYU_GT/gt (1409).bmp
./NYU_UW_type1/uw (1410).bmp,./NYU_GT/gt (1410).bmp
./NYU_UW_type1/uw (1411).bmp,./NYU_GT/gt (1411).bmp
./NYU_UW_type1/uw (1412).bmp,./NYU_GT/gt (1412).bmp
./NYU_UW_type1/uw (1413).bmp,./NYU_GT/gt (1413).bmp
./NYU_UW_type1/uw (1414).bmp,./NYU_GT/gt (1414).bmp
./NYU_UW_type1/uw (1415).bmp,./NYU_GT/gt (1415).bmp
./NYU_UW_type1/uw (1416).bmp,./NYU_GT/gt (1416).bmp
./NYU_UW_type1/uw (1417).bmp,./NYU_GT/gt (1417).bmp
./NYU_UW_type1/uw (1418).bmp,./NYU_GT/gt (1418).bmp
./NYU_UW_type1/uw (1419).bmp,./NYU_GT/gt (1419).bmp
./NYU_UW_type1/uw (1420).bmp,./NYU_GT/gt (1420).bmp
./NYU_UW_type1/uw (1421).bmp,./NYU_GT/gt (1421).bmp
./NYU_UW_type1/uw (1422).bmp,./NYU_GT/gt (1422).bmp
./NYU_UW_type1/uw (1423).bmp,./NYU_GT/gt (1423).bmp
./NYU_UW_type1/uw (1424).bmp,./NYU_GT/gt (1424).bmp
./NYU_UW_type1/uw (1425).bmp,./NYU_GT/gt (1425).bmp
./NYU_UW_type1/uw (1426).bmp,./NYU_GT/gt (1426).bmp
./NYU_UW_type1/uw (1427).bmp,./NYU_GT/gt (1427).bmp
./NYU_UW_type1/uw (1428).bmp,./NYU_GT/gt (1428).bmp
./NYU_UW_type1/uw (1429).bmp,./NYU_GT/gt (1429).bmp
./NYU_UW_type1/uw (1430).bmp,./NYU_GT/gt (1430).bmp
./NYU_UW_type1/uw (1431).bmp,./NYU_GT/gt (1431).bmp
./NYU_UW_type1/uw (1432).bmp,./NYU_GT/gt (1432).bmp
./NYU_UW_type1/uw (1433).bmp,./NYU_GT/gt (1433).bmp
./NYU_UW_type1/uw (1434).bmp,./NYU_GT/gt (1434).bmp
./NYU_UW_type1/uw (1435).bmp,./NYU_GT/gt (1435).bmp
./NYU_UW_type1/uw (1436).bmp,./NYU_GT/gt (1436).bmp
./NYU_UW_type1/uw (1437).bmp,./NYU_GT/gt (1437).bmp
./NYU_UW_type1/uw (1438).bmp,./NYU_GT/gt (1438).bmp
./NYU_UW_type1/uw (1439).bmp,./NYU_GT/gt (1439).bmp
./NYU_UW_type1/uw (1440).bmp,./NYU_GT/gt (1440).bmp
./NYU_UW_type1/uw (1441).bmp,./NYU_GT/gt (1441).bmp
./NYU_UW_type1/uw (1442).bmp,./NYU_GT/gt (1442).bmp
./NYU_UW_type1/uw (1443).bmp,./NYU_GT/gt (1443).bmp
./NYU_UW_type1/uw (1444).bmp,./NYU_GT/gt (1444).bmp
./NYU_UW_type1/uw (1445).bmp,./NYU_GT/gt (1445).bmp
./NYU_UW_type1/uw (1446).bmp,./NYU_GT/gt (1446).bmp
./NYU_UW_type1/uw (1447).bmp,./NYU_GT/gt (1447).bmp
./NYU_UW_type1/uw (1448).bmp,./NYU_GT/gt (1448).bmp
./NYU_UW_type1/uw (1449).bmp,./NYU_GT/gt (1449).bmp
./NYU_UW_type1/uw (1450).bmp,./NYU_GT/gt (1450).bmp
./NYU_UW_type1/uw (1451).bmp,./NYU_GT/gt (1451).bmp
./NYU_UW_type1/uw (1452).bmp,./NYU_GT/gt (1452).bmp
./NYU_UW_type1/uw (1453).bmp,./NYU_GT/gt (1453).bmp
./NYU_UW_type1/uw (1454).bmp,./NYU_GT/gt (1454).bmp
./NYU_UW_type1/uw (1455).bmp,./NYU_GT/gt (1455).bmp
./NYU_UW_type1/uw (1456).bmp,./NYU_GT/gt (1456).bmp
./NYU_UW_type1/uw (1457).bmp,./NYU_GT/gt (1457).bmp
./NYU_UW_type1/uw (1458).bmp,./NYU_GT/gt (1458).bmp
./NYU_UW_type1/uw (1459).bmp,./NYU_GT/gt (1459).bmp
./NYU_UW_type1/uw (1460).bmp,./NYU_GT/gt (1460).bmp
./NYU_UW_type1/uw (1461).bmp,./NYU_GT/gt (1461).bmp
./NYU_UW_type1/uw (1462).bmp,./NYU_GT/gt (1462).bmp
./NYU_UW_type1/uw (1463).bmp,./NYU_GT/gt (1463).bmp
./NYU_UW_type1/uw (1464).bmp,./NYU_GT/gt (1464).bmp
./NYU_UW_type1/uw (1465).bmp,./NYU_GT/gt (1465).bmp
./NYU_UW_type1/uw (1466).bmp,./NYU_GT/gt (1466).bmp
./NYU_UW_type1/uw (1467).bmp,./NYU_GT/gt (1467).bmp
./NYU_UW_type1/uw (1468).bmp,./NYU_GT/gt (1468).bmp
./NYU_UW_type1/uw (1469).bmp,./NYU_GT/gt (1469).bmp
./NYU_UW_type1/uw (1470).bmp,./NYU_GT/gt (1470).bmp
./NYU_UW_type1/uw (1471).bmp,./NYU_GT/gt (1471).bmp
./NYU_UW_type1/uw (1472).bmp,./NYU_GT/gt (1472).bmp
./NYU_UW_type1/uw (1473).bmp,./NYU_GT/gt (1473).bmp
./NYU_UW_type1/uw (1474).bmp,./NYU_GT/gt (1474).bmp
./NYU_UW_type1/uw (1475).bmp,./NYU_GT/gt (1475).bmp
./NYU_UW_type1/uw (1476).bmp,./NYU_GT/gt (1476).bmp
./NYU_UW_type1/uw (1477).bmp,./NYU_GT/gt (1477).bmp
./NYU_UW_type1/uw (1478).bmp,./NYU_GT/gt (1478).bmp
./NYU_UW_type1/uw (1479).bmp,./NYU_GT/gt (1479).bmp
./NYU_UW_type1/uw (1480).bmp,./NYU_GT/gt (1480).bmp
./NYU_UW_type1/uw (1481).bmp,./NYU_GT/gt (1481).bmp
./NYU_UW_type1/uw (1482).bmp,./NYU_GT/gt (1482).bmp
./NYU_UW_type1/uw (1483).bmp,./NYU_GT/gt (1483).bmp
./NYU_UW_type1/uw (1484).bmp,./NYU_GT/gt (1484).bmp
./NYU_UW_type1/uw (1485).bmp,./NYU_GT/gt (1485).bmp
./NYU_UW_type1/uw (1486).bmp,./NYU_GT/gt (1486).bmp
./NYU_UW_type1/uw (1487).bmp,./NYU_GT/gt (1487).bmp
./NYU_UW_type1/uw (1488).bmp,./NYU_GT/gt (1488).bmp
./NYU_UW_type1/uw (1489).bmp,./NYU_GT/gt (1489).bmp
./NYU_UW_type1/uw (1490).bmp,./NYU_GT/gt (1490).bmp
./NYU_UW_type1/uw (1491).bmp,./NYU_GT/gt (1491).bmp
./NYU_UW_type1/uw (1492).bmp,./NYU_GT/gt (1492).bmp
./NYU_UW_type1/uw (1493).bmp,./NYU_GT/gt (1493).bmp
./NYU_UW_type1/uw (1494).bmp,./NYU_GT/gt (1494).bmp
./NYU_UW_type1/uw (1495).bmp,./NYU_GT/gt (1495).bmp
./NYU_UW_type1/uw (1496).bmp,./NYU_GT/gt (1496).bmp
./NYU_UW_type1/uw (1497).bmp,./NYU_GT/gt (1497).bmp
./NYU_UW_type1/uw (1498).bmp,./NYU_GT/gt (1498).bmp
./NYU_UW_type1/uw (1499).bmp,./NYU_GT/gt (1499).bmp
